date,city,precipitation,day_of_year
2018-01-01,BOS,0.0,1
2018-01-02,BOS,0.0,2
2018-01-03,BOS,0.0,3
2018-01-04,BOS,0.0,4
2018-01-05,BOS,1.65,5
2018-01-06,BOS,0.0,6
2018-01-07,BOS,0.0,7
2018-01-08,BOS,0.0,8
2018-01-09,BOS,0.0,9
2018-01-10,BOS,0.0,10
2018-01-11,BOS,0.0,11
2018-01-12,BOS,0.0,12
2018-01-13,BOS,3.45,13
2018-01-14,BOS,0.0,14
2018-01-15,BOS,0.0,15
2018-01-16,BOS,0.0,16
2018-01-17,BOS,0.02,17
2018-01-18,BOS,0.18,18
2018-01-19,BOS,0.0,19
2018-01-20,BOS,0.0,20
2018-01-21,BOS,0.0,21
2018-01-22,BOS,0.0,22
2018-01-23,BOS,0.13,23
2018-01-24,BOS,1.32,24
2018-01-25,BOS,0.0,25
2018-01-26,BOS,0.0,26
2018-01-27,BOS,0.0,27
2018-01-28,BOS,0.06,28
2018-01-29,BOS,0.04,29
2018-01-30,BOS,0.2,30
2018-01-31,BOS,0.08,31
2018-02-01,BOS,0.0,32
2018-02-02,BOS,0.27,33
2018-02-03,BOS,0.03,34
2018-02-04,BOS,0.0,35
2018-02-05,BOS,0.84,36
2018-02-06,BOS,0.0,37
2018-02-07,BOS,0.0,38
2018-02-08,BOS,0.58,39
2018-02-09,BOS,0.0,40
2018-02-10,BOS,0.01,41
2018-02-11,BOS,0.56,42
2018-02-12,BOS,0.87,43
2018-02-13,BOS,0.0,44
2018-02-14,BOS,0.0,45
2018-02-15,BOS,0.05,46
2018-02-16,BOS,0.15,47
2018-02-17,BOS,0.0,48
2018-02-18,BOS,0.63,49
2018-02-19,BOS,0.0,50
2018-02-20,BOS,0.06,51
2018-02-21,BOS,0.0,52
2018-02-22,BOS,0.0,53
2018-02-23,BOS,0.05,54
2018-02-24,BOS,0.3,55
2018-02-25,BOS,0.1,56
2018-02-26,BOS,0.6,57
2018-02-27,BOS,0.0,58
2018-02-28,BOS,0.0,59
2018-03-01,BOS,0.0,60
2018-03-02,BOS,0.38,61
2018-03-03,BOS,3.39,62
2018-03-04,BOS,0.06,63
2018-03-05,BOS,0.08,64
2018-03-06,BOS,0.0,65
2018-03-07,BOS,0.0,66
2018-03-08,BOS,1.69,67
2018-03-09,BOS,0.0,68
2018-03-10,BOS,0.0,69
2018-03-11,BOS,0.0,70
2018-03-12,BOS,0.0,71
2018-03-13,BOS,0.57,72
2018-03-14,BOS,0.98,73
2018-03-15,BOS,0.0,74
2018-03-16,BOS,0.0,75
2018-03-17,BOS,0.0,76
2018-03-18,BOS,0.0,77
2018-03-19,BOS,0.0,78
2018-03-20,BOS,0.0,79
2018-03-21,BOS,0.0,80
2018-03-22,BOS,0.23,81
2018-03-23,BOS,0.03,82
2018-03-24,BOS,0.0,83
2018-03-25,BOS,0.04,84
2018-03-26,BOS,0.01,85
2018-03-27,BOS,0.0,86
2018-03-28,BOS,0.0,87
2018-03-29,BOS,0.0,88
2018-03-30,BOS,0.0,89
2018-03-31,BOS,0.02,90
2018-04-01,BOS,0.0,91
2018-04-02,BOS,0.0,92
2018-04-03,BOS,0.13,93
2018-04-04,BOS,0.53,94
2018-04-05,BOS,0.13,95
2018-04-06,BOS,0.0,96
2018-04-07,BOS,0.26,97
2018-04-08,BOS,0.0,98
2018-04-09,BOS,0.0,99
2018-04-10,BOS,0.0,100
2018-04-11,BOS,0.0,101
2018-04-12,BOS,0.0,102
2018-04-13,BOS,0.02,103
2018-04-14,BOS,0.0,104
2018-04-15,BOS,0.0,105
2018-04-16,BOS,0.34,106
2018-04-17,BOS,2.07,107
2018-04-18,BOS,0.0,108
2018-04-19,BOS,0.05,109
2018-04-20,BOS,0.42,110
2018-04-21,BOS,0.0,111
2018-04-22,BOS,0.0,112
2018-04-23,BOS,0.0,113
2018-04-24,BOS,0.0,114
2018-04-25,BOS,0.04,115
2018-04-26,BOS,1.59,116
2018-04-27,BOS,0.1,117
2018-04-28,BOS,0.49,118
2018-04-29,BOS,0.0,119
2018-04-30,BOS,0.08,120
2018-05-01,BOS,0.14,121
2018-05-02,BOS,0.0,122
2018-05-03,BOS,0.0,123
2018-05-04,BOS,0.01,124
2018-05-05,BOS,0.03,125
2018-05-06,BOS,0.0,126
2018-05-07,BOS,0.27,127
2018-05-08,BOS,0.0,128
2018-05-09,BOS,0.0,129
2018-05-10,BOS,0.0,130
2018-05-11,BOS,0.0,131
2018-05-12,BOS,0.0,132
2018-05-13,BOS,0.27,133
2018-05-14,BOS,0.0,134
2018-05-15,BOS,0.0,135
2018-05-16,BOS,0.41,136
2018-05-17,BOS,0.15,137
2018-05-18,BOS,0.03,138
2018-05-19,BOS,0.0,139
2018-05-20,BOS,0.27,140
2018-05-21,BOS,0.32,141
2018-05-22,BOS,0.0,142
2018-05-23,BOS,0.07,143
2018-05-24,BOS,0.03,144
2018-05-25,BOS,0.0,145
2018-05-26,BOS,0.0,146
2018-05-27,BOS,0.0,147
2018-05-28,BOS,0.03,148
2018-05-29,BOS,0.0,149
2018-05-30,BOS,0.0,150
2018-05-31,BOS,0.0,151
2018-06-01,BOS,0.0,152
2018-06-02,BOS,0.04,153
2018-06-03,BOS,0.0,154
2018-06-04,BOS,0.16,155
2018-06-05,BOS,0.65,156
2018-06-06,BOS,0.28,157
2018-06-07,BOS,0.0,158
2018-06-08,BOS,0.0,159
2018-06-09,BOS,0.0,160
2018-06-10,BOS,0.0,161
2018-06-11,BOS,0.0,162
2018-06-12,BOS,0.0,163
2018-06-13,BOS,0.0,164
2018-06-14,BOS,0.0,165
2018-06-15,BOS,0.0,166
2018-06-16,BOS,0.03,167
2018-06-17,BOS,0.0,168
2018-06-18,BOS,0.0,169
2018-06-19,BOS,0.17,170
2018-06-20,BOS,0.0,171
2018-06-21,BOS,0.0,172
2018-06-22,BOS,0.0,173
2018-06-23,BOS,0.0,174
2018-06-24,BOS,0.0,175
2018-06-25,BOS,0.2,176
2018-06-26,BOS,0.0,177
2018-06-27,BOS,0.0,178
2018-06-28,BOS,0.05,179
2018-06-29,BOS,1.69,180
2018-06-30,BOS,0.0,181
2018-07-01,BOS,0.0,182
2018-07-02,BOS,0.0,183
2018-07-03,BOS,0.0,184
2018-07-04,BOS,0.0,185
2018-07-05,BOS,0.0,186
2018-07-06,BOS,0.0,187
2018-07-07,BOS,1.1,188
2018-07-08,BOS,0.0,189
2018-07-09,BOS,0.0,190
2018-07-10,BOS,0.0,191
2018-07-11,BOS,0.13,192
2018-07-12,BOS,0.0,193
2018-07-13,BOS,0.0,194
2018-07-14,BOS,0.0,195
2018-07-15,BOS,0.0,196
2018-07-16,BOS,0.0,197
2018-07-17,BOS,0.0,198
2018-07-18,BOS,0.98,199
2018-07-19,BOS,0.0,200
2018-07-20,BOS,0.0,201
2018-07-21,BOS,0.0,202
2018-07-22,BOS,0.03,203
2018-07-23,BOS,0.26,204
2018-07-24,BOS,0.02,205
2018-07-25,BOS,0.0,206
2018-07-26,BOS,0.24,207
2018-07-27,BOS,0.39,208
2018-07-28,BOS,0.02,209
2018-07-29,BOS,0.0,210
2018-07-30,BOS,0.0,211
2018-07-31,BOS,0.0,212
2018-08-01,BOS,0.0,213
2018-08-02,BOS,0.0,214
2018-08-03,BOS,0.0,215
2018-08-04,BOS,0.0,216
2018-08-05,BOS,1.05,217
2018-08-06,BOS,0.0,218
2018-08-07,BOS,0.0,219
2018-08-08,BOS,0.0,220
2018-08-09,BOS,0.04,221
2018-08-10,BOS,0.0,222
2018-08-11,BOS,0.89,223
2018-08-12,BOS,0.47,224
2018-08-13,BOS,0.67,225
2018-08-14,BOS,0.27,226
2018-08-15,BOS,0.01,227
2018-08-16,BOS,0.0,228
2018-08-17,BOS,0.0,229
2018-08-18,BOS,0.01,230
2018-08-19,BOS,0.57,231
2018-08-20,BOS,0.0,232
2018-08-21,BOS,0.0,233
2018-08-22,BOS,0.18,234
2018-08-23,BOS,0.3,235
2018-08-24,BOS,0.0,236
2018-08-25,BOS,0.0,237
2018-08-26,BOS,0.0,238
2018-08-27,BOS,0.0,239
2018-08-28,BOS,0.0,240
2018-08-29,BOS,0.0,241
2018-08-30,BOS,0.0,242
2018-08-31,BOS,0.0,243
2018-09-01,BOS,0.0,244
2018-09-02,BOS,0.0,245
2018-09-03,BOS,0.0,246
2018-09-04,BOS,0.0,247
2018-09-05,BOS,0.0,248
2018-09-06,BOS,0.0,249
2018-09-07,BOS,0.52,250
2018-09-08,BOS,0.0,251
2018-09-09,BOS,0.0,252
2018-09-10,BOS,0.0,253
2018-09-11,BOS,0.88,254
2018-09-12,BOS,0.1,255
2018-09-13,BOS,3.32,256
2018-09-14,BOS,0.01,257
2018-09-15,BOS,0.0,258
2018-09-16,BOS,0.0,259
2018-09-17,BOS,0.0,260
2018-09-18,BOS,0.02,261
2018-09-19,BOS,1.39,262
2018-09-20,BOS,0.0,263
2018-09-21,BOS,0.0,264
2018-09-22,BOS,0.02,265
2018-09-23,BOS,0.0,266
2018-09-24,BOS,0.0,267
2018-09-25,BOS,0.0,268
2018-09-26,BOS,4.12,269
2018-09-27,BOS,0.31,270
2018-09-28,BOS,0.02,271
2018-09-29,BOS,0.45,272
2018-09-30,BOS,0.0,273
2018-10-01,BOS,0.0,274
2018-10-02,BOS,0.23,275
2018-10-03,BOS,1.28,276
2018-10-04,BOS,0.0,277
2018-10-05,BOS,0.0,278
2018-10-06,BOS,0.0,279
2018-10-07,BOS,0.0,280
2018-10-08,BOS,0.13,281
2018-10-09,BOS,0.01,282
2018-10-10,BOS,0.0,283
2018-10-11,BOS,0.0,284
2018-10-12,BOS,2.06,285
2018-10-13,BOS,0.83,286
2018-10-14,BOS,0.12,287
2018-10-15,BOS,0.0,288
2018-10-16,BOS,0.12,289
2018-10-17,BOS,0.0,290
2018-10-18,BOS,0.02,291
2018-10-19,BOS,0.0,292
2018-10-20,BOS,0.01,293
2018-10-21,BOS,0.08,294
2018-10-22,BOS,0.05,295
2018-10-23,BOS,0.0,296
2018-10-24,BOS,0.05,297
2018-10-25,BOS,0.04,298
2018-10-26,BOS,0.0,299
2018-10-27,BOS,0.07,300
2018-10-28,BOS,1.42,301
2018-10-29,BOS,0.04,302
2018-10-30,BOS,0.12,303
2018-10-31,BOS,0.0,304
2018-11-01,BOS,0.0,305
2018-11-02,BOS,0.14,306
2018-11-03,BOS,1.44,307
2018-11-04,BOS,0.25,308
2018-11-05,BOS,0.0,309
2018-11-06,BOS,0.48,310
2018-11-07,BOS,0.85,311
2018-11-08,BOS,0.0,312
2018-11-09,BOS,0.0,313
2018-11-10,BOS,1.87,314
2018-11-11,BOS,0.02,315
2018-11-12,BOS,0.0,316
2018-11-13,BOS,0.61,317
2018-11-14,BOS,0.84,318
2018-11-15,BOS,0.0,319
2018-11-16,BOS,0.86,320
2018-11-17,BOS,0.18,321
2018-11-18,BOS,0.0,322
2018-11-19,BOS,0.0,323
2018-11-20,BOS,0.02,324
2018-11-21,BOS,0.3,325
2018-11-22,BOS,0.0,326
2018-11-23,BOS,0.0,327
2018-11-24,BOS,0.0,328
2018-11-25,BOS,1.26,329
2018-11-26,BOS,0.01,330
2018-11-27,BOS,1.13,331
2018-11-28,BOS,0.02,332
2018-11-29,BOS,0.0,333
2018-11-30,BOS,0.0,334
2018-12-01,BOS,0.0,335
2018-12-02,BOS,0.5,336
2018-12-03,BOS,0.46,337
2018-12-04,BOS,0.0,338
2018-12-05,BOS,0.0,339
2018-12-06,BOS,0.0,340
2018-12-07,BOS,0.0,341
2018-12-08,BOS,0.0,342
2018-12-09,BOS,0.0,343
2018-12-10,BOS,0.0,344
2018-12-11,BOS,0.0,345
2018-12-12,BOS,0.0,346
2018-12-13,BOS,0.0,347
2018-12-14,BOS,0.0,348
2018-12-15,BOS,0.01,349
2018-12-16,BOS,0.03,350
2018-12-17,BOS,0.62,351
2018-12-18,BOS,0.0,352
2018-12-19,BOS,0.0,353
2018-12-20,BOS,0.0,354
2018-12-21,BOS,0.19,355
2018-12-22,BOS,0.83,356
2018-12-23,BOS,0.01,357
2018-12-24,BOS,0.0,358
2018-12-25,BOS,0.01,359
2018-12-26,BOS,0.0,360
2018-12-27,BOS,0.0,361
2018-12-28,BOS,0.0,362
2018-12-29,BOS,0.83,363
2018-12-30,BOS,0.0,364
2018-12-31,BOS,0.0,365
2019-01-01,BOS,0.99,1
2019-01-02,BOS,0.0,2
2019-01-03,BOS,0.0,3
2019-01-04,BOS,0.0,4
2019-01-05,BOS,0.2,5
2019-01-06,BOS,1.39,6
2019-01-07,BOS,0.0,7
2019-01-08,BOS,0.0,8
2019-01-09,BOS,0.1,9
2019-01-10,BOS,0.0,10
2019-01-11,BOS,0.0,11
2019-01-12,BOS,0.0,12
2019-01-13,BOS,0.0,13
2019-01-14,BOS,0.0,14
2019-01-15,BOS,0.0,15
2019-01-16,BOS,0.0,16
2019-01-17,BOS,0.0,17
2019-01-18,BOS,0.0,18
2019-01-19,BOS,0.0,19
2019-01-20,BOS,1.04,20
2019-01-21,BOS,1.15,21
2019-01-22,BOS,0.0,22
2019-01-23,BOS,0.0,23
2019-01-24,BOS,0.01,24
2019-01-25,BOS,1.66,25
2019-01-26,BOS,0.0,26
2019-01-27,BOS,0.0,27
2019-01-28,BOS,0.0,28
2019-01-29,BOS,0.0,29
2019-01-30,BOS,0.24,30
2019-01-31,BOS,0.0,31
2019-02-01,BOS,0.0,32
2019-02-02,BOS,0.0,33
2019-02-03,BOS,0.0,34
2019-02-04,BOS,0.0,35
2019-02-05,BOS,0.0,36
2019-02-06,BOS,0.0,37
2019-02-07,BOS,0.5,38
2019-02-08,BOS,0.13,39
2019-02-09,BOS,0.04,40
2019-02-10,BOS,0.0,41
2019-02-11,BOS,0.0,42
2019-02-12,BOS,0.0,43
2019-02-13,BOS,1.08,44
2019-02-14,BOS,0.0,45
2019-02-15,BOS,0.0,46
2019-02-16,BOS,0.24,47
2019-02-17,BOS,0.0,48
2019-02-18,BOS,0.43,49
2019-02-19,BOS,0.08,50
2019-02-20,BOS,0.0,51
2019-02-21,BOS,0.41,52
2019-02-22,BOS,0.0,53
2019-02-23,BOS,0.0,54
2019-02-24,BOS,0.02,55
2019-02-25,BOS,0.5,56
2019-02-26,BOS,0.0,57
2019-02-27,BOS,0.0,58
2019-02-28,BOS,0.27,59
2019-03-01,BOS,0.0,60
2019-03-02,BOS,0.08,61
2019-03-03,BOS,0.32,62
2019-03-04,BOS,1.38,63
2019-03-05,BOS,0.02,64
2019-03-06,BOS,0.0,65
2019-03-07,BOS,0.0,66
2019-03-08,BOS,0.0,67
2019-03-09,BOS,0.0,68
2019-03-10,BOS,0.0,69
2019-03-11,BOS,0.66,70
2019-03-12,BOS,0.0,71
2019-03-13,BOS,0.0,72
2019-03-14,BOS,0.0,73
2019-03-15,BOS,0.0,74
2019-03-16,BOS,0.08,75
2019-03-17,BOS,0.0,76
2019-03-18,BOS,0.0,77
2019-03-19,BOS,0.0,78
2019-03-20,BOS,0.0,79
2019-03-21,BOS,0.0,80
2019-03-22,BOS,0.58,81
2019-03-23,BOS,0.76,82
2019-03-24,BOS,0.0,83
2019-03-25,BOS,0.0,84
2019-03-26,BOS,0.0,85
2019-03-27,BOS,0.0,86
2019-03-28,BOS,0.0,87
2019-03-29,BOS,0.0,88
2019-03-30,BOS,0.0,89
2019-03-31,BOS,0.0,90
2019-04-01,BOS,0.15,91
2019-04-02,BOS,0.0,92
2019-04-03,BOS,0.71,93
2019-04-04,BOS,0.04,94
2019-04-05,BOS,0.0,95
2019-04-06,BOS,0.28,96
2019-04-07,BOS,0.0,97
2019-04-08,BOS,0.12,98
2019-04-09,BOS,0.51,99
2019-04-10,BOS,0.14,100
2019-04-11,BOS,0.0,101
2019-04-12,BOS,0.0,102
2019-04-13,BOS,0.42,103
2019-04-14,BOS,0.3,104
2019-04-15,BOS,0.17,105
2019-04-16,BOS,0.47,106
2019-04-17,BOS,0.0,107
2019-04-18,BOS,0.0,108
2019-04-19,BOS,0.0,109
2019-04-20,BOS,0.13,110
2019-04-21,BOS,0.32,111
2019-04-22,BOS,0.04,112
2019-04-23,BOS,1.8,113
2019-04-24,BOS,0.14,114
2019-04-25,BOS,0.0,115
2019-04-26,BOS,0.0,116
2019-04-27,BOS,1.13,117
2019-04-28,BOS,0.01,118
2019-04-29,BOS,0.09,119
2019-04-30,BOS,0.16,120
2019-05-01,BOS,0.02,121
2019-05-02,BOS,0.02,122
2019-05-03,BOS,0.0,123
2019-05-04,BOS,0.15,124
2019-05-05,BOS,0.01,125
2019-05-06,BOS,0.29,126
2019-05-07,BOS,0.0,127
2019-05-08,BOS,0.07,128
2019-05-09,BOS,0.0,129
2019-05-10,BOS,0.0,130
2019-05-11,BOS,0.03,131
2019-05-12,BOS,0.06,132
2019-05-13,BOS,0.73,133
2019-05-14,BOS,0.49,134
2019-05-15,BOS,0.06,135
2019-05-16,BOS,0.0,136
2019-05-17,BOS,0.0,137
2019-05-18,BOS,0.01,138
2019-05-19,BOS,0.0,139
2019-05-20,BOS,0.02,140
2019-05-21,BOS,0.51,141
2019-05-22,BOS,0.0,142
2019-05-23,BOS,0.0,143
2019-05-24,BOS,0.29,144
2019-05-25,BOS,0.0,145
2019-05-26,BOS,0.06,146
2019-05-27,BOS,0.0,147
2019-05-28,BOS,0.0,148
2019-05-29,BOS,0.37,149
2019-05-30,BOS,0.22,150
2019-05-31,BOS,0.18,151
2019-06-01,BOS,0.0,152
2019-06-02,BOS,0.0,153
2019-06-03,BOS,0.04,154
2019-06-04,BOS,0.0,155
2019-06-05,BOS,0.0,156
2019-06-06,BOS,0.0,157
2019-06-07,BOS,0.18,158
2019-06-08,BOS,0.0,159
2019-06-09,BOS,0.0,160
2019-06-10,BOS,0.0,161
2019-06-11,BOS,0.78,162
2019-06-12,BOS,0.41,163
2019-06-13,BOS,0.0,164
2019-06-14,BOS,0.9,165
2019-06-15,BOS,0.0,166
2019-06-16,BOS,0.08,167
2019-06-17,BOS,0.04,168
2019-06-18,BOS,0.03,169
2019-06-19,BOS,0.08,170
2019-06-20,BOS,0.06,171
2019-06-21,BOS,0.59,172
2019-06-22,BOS,0.18,173
2019-06-23,BOS,0.02,174
2019-06-24,BOS,0.0,175
2019-06-25,BOS,0.0,176
2019-06-26,BOS,0.13,177
2019-06-27,BOS,0.0,178
2019-06-28,BOS,0.0,179
2019-06-29,BOS,0.0,180
2019-06-30,BOS,0.19,181
2019-07-01,BOS,0.08,182
2019-07-02,BOS,0.0,183
2019-07-03,BOS,0.0,184
2019-07-04,BOS,0.0,185
2019-07-05,BOS,0.0,186
2019-07-06,BOS,0.0,187
2019-07-07,BOS,0.36,188
2019-07-08,BOS,0.0,189
2019-07-09,BOS,0.0,190
2019-07-10,BOS,0.0,191
2019-07-11,BOS,0.0,192
2019-07-12,BOS,1.28,193
2019-07-13,BOS,0.08,194
2019-07-14,BOS,0.0,195
2019-07-15,BOS,0.0,196
2019-07-16,BOS,0.0,197
2019-07-17,BOS,0.0,198
2019-07-18,BOS,0.29,199
2019-07-19,BOS,0.08,200
2019-07-20,BOS,0.0,201
2019-07-21,BOS,0.0,202
2019-07-22,BOS,0.0,203
2019-07-23,BOS,1.42,204
2019-07-24,BOS,0.75,205
2019-07-25,BOS,0.0,206
2019-07-26,BOS,0.0,207
2019-07-27,BOS,0.0,208
2019-07-28,BOS,0.0,209
2019-07-29,BOS,0.0,210
2019-07-30,BOS,0.0,211
2019-07-31,BOS,0.0,212
2019-08-01,BOS,0.0,213
2019-08-02,BOS,0.0,214
2019-08-03,BOS,0.0,215
2019-08-04,BOS,0.0,216
2019-08-05,BOS,0.02,217
2019-08-06,BOS,0.0,218
2019-08-07,BOS,0.0,219
2019-08-08,BOS,0.62,220
2019-08-09,BOS,0.0,221
2019-08-10,BOS,0.0,222
2019-08-11,BOS,0.0,223
2019-08-12,BOS,0.0,224
2019-08-13,BOS,0.0,225
2019-08-14,BOS,0.02,226
2019-08-15,BOS,0.0,227
2019-08-16,BOS,0.0,228
2019-08-17,BOS,0.0,229
2019-08-18,BOS,0.0,230
2019-08-19,BOS,0.0,231
2019-08-20,BOS,0.58,232
2019-08-21,BOS,0.0,233
2019-08-22,BOS,0.52,234
2019-08-23,BOS,0.01,235
2019-08-24,BOS,0.04,236
2019-08-25,BOS,0.0,237
2019-08-26,BOS,0.08,238
2019-08-27,BOS,0.0,239
2019-08-28,BOS,0.0,240
2019-08-29,BOS,0.95,241
2019-08-30,BOS,0.0,242
2019-08-31,BOS,0.0,243
2019-09-01,BOS,0.0,244
2019-09-02,BOS,0.0,245
2019-09-03,BOS,1.47,246
2019-09-04,BOS,0.0,247
2019-09-05,BOS,0.0,248
2019-09-06,BOS,0.0,249
2019-09-07,BOS,0.07,250
2019-09-08,BOS,0.0,251
2019-09-09,BOS,0.0,252
2019-09-10,BOS,0.0,253
2019-09-11,BOS,0.0,254
2019-09-12,BOS,0.0,255
2019-09-13,BOS,0.31,256
2019-09-14,BOS,0.0,257
2019-09-15,BOS,0.55,258
2019-09-16,BOS,0.0,259
2019-09-17,BOS,0.0,260
2019-09-18,BOS,0.0,261
2019-09-19,BOS,0.0,262
2019-09-20,BOS,0.0,263
2019-09-21,BOS,0.0,264
2019-09-22,BOS,0.0,265
2019-09-23,BOS,0.0,266
2019-09-24,BOS,0.32,267
2019-09-25,BOS,0.0,268
2019-09-26,BOS,0.0,269
2019-09-27,BOS,0.25,270
2019-09-28,BOS,0.0,271
2019-09-29,BOS,0.0,272
2019-09-30,BOS,0.0,273
2019-10-01,BOS,0.01,274
2019-10-02,BOS,0.01,275
2019-10-03,BOS,0.14,276
2019-10-04,BOS,0.08,277
2019-10-05,BOS,0.0,278
2019-10-06,BOS,0.0,279
2019-10-07,BOS,0.0,280
2019-10-08,BOS,0.05,281
2019-10-09,BOS,0.02,282
2019-10-10,BOS,0.44,283
2019-10-11,BOS,0.04,284
2019-10-12,BOS,0.25,285
2019-10-13,BOS,0.0,286
2019-10-14,BOS,0.0,287
2019-10-15,BOS,0.0,288
2019-10-16,BOS,0.0,289
2019-10-17,BOS,2.02,290
2019-10-18,BOS,0.0,291
2019-10-19,BOS,0.0,292
2019-10-20,BOS,0.0,293
2019-10-21,BOS,0.0,294
2019-10-22,BOS,0.0,295
2019-10-23,BOS,0.21,296
2019-10-24,BOS,0.24,297
2019-10-25,BOS,0.0,298
2019-10-26,BOS,0.01,299
2019-10-27,BOS,0.0,300
2019-10-28,BOS,1.19,301
2019-10-29,BOS,0.04,302
2019-10-30,BOS,0.01,303
2019-10-31,BOS,0.21,304
2019-11-01,BOS,0.3,305
2019-11-02,BOS,0.0,306
2019-11-03,BOS,0.0,307
2019-11-04,BOS,0.0,308
2019-11-05,BOS,0.02,309
2019-11-06,BOS,0.32,310
2019-11-07,BOS,0.0,311
2019-11-08,BOS,0.18,312
2019-11-09,BOS,0.0,313
2019-11-10,BOS,0.0,314
2019-11-11,BOS,0.0,315
2019-11-12,BOS,0.0,316
2019-11-13,BOS,0.16,317
2019-11-14,BOS,0.0,318
2019-11-15,BOS,0.0,319
2019-11-16,BOS,0.0,320
2019-11-17,BOS,0.0,321
2019-11-18,BOS,0.03,322
2019-11-19,BOS,0.59,323
2019-11-20,BOS,0.02,324
2019-11-21,BOS,0.03,325
2019-11-22,BOS,0.0,326
2019-11-23,BOS,0.11,327
2019-11-24,BOS,0.13,328
2019-11-25,BOS,1.37,329
2019-11-26,BOS,0.0,330
2019-11-27,BOS,0.0,331
2019-11-28,BOS,0.19,332
2019-11-29,BOS,0.01,333
2019-11-30,BOS,0.0,334
2019-12-01,BOS,0.0,335
2019-12-02,BOS,0.82,336
2019-12-03,BOS,0.49,337
2019-12-04,BOS,0.12,338
2019-12-05,BOS,0.0,339
2019-12-06,BOS,0.0,340
2019-12-07,BOS,0.0,341
2019-12-08,BOS,0.0,342
2019-12-09,BOS,0.02,343
2019-12-10,BOS,1.58,344
2019-12-11,BOS,0.47,345
2019-12-12,BOS,0.15,346
2019-12-13,BOS,0.0,347
2019-12-14,BOS,1.28,348
2019-12-15,BOS,0.48,349
2019-12-16,BOS,0.0,350
2019-12-17,BOS,0.05,351
2019-12-18,BOS,0.6,352
2019-12-19,BOS,0.03,353
2019-12-20,BOS,0.0,354
2019-12-21,BOS,0.0,355
2019-12-22,BOS,0.0,356
2019-12-23,BOS,0.0,357
2019-12-24,BOS,0.0,358
2019-12-25,BOS,0.0,359
2019-12-26,BOS,0.0,360
2019-12-27,BOS,0.0,361
2019-12-28,BOS,0.0,362
2019-12-29,BOS,0.0,363
2019-12-30,BOS,0.51,364
2019-12-31,BOS,1.13,365
2020-01-01,BOS,0.01,1
2020-01-02,BOS,0.0,2
2020-01-03,BOS,0.0,3
2020-01-04,BOS,0.02,4
2020-01-05,BOS,0.35,5
2020-01-06,BOS,0.0,6
2020-01-07,BOS,0.0,7
2020-01-08,BOS,0.09,8
2020-01-09,BOS,0.0,9
2020-01-10,BOS,0.0,10
2020-01-11,BOS,0.0,11
2020-01-12,BOS,0.08,12
2020-01-13,BOS,0.04,13
2020-01-14,BOS,0.0,14
2020-01-15,BOS,0.01,15
2020-01-16,BOS,0.03,16
2020-01-17,BOS,0.01,17
2020-01-18,BOS,0.0,18
2020-01-19,BOS,0.3,19
2020-01-20,BOS,0.0,20
2020-01-21,BOS,0.0,21
2020-01-22,BOS,0.0,22
2020-01-23,BOS,0.0,23
2020-01-24,BOS,0.0,24
2020-01-25,BOS,0.0,25
2020-01-26,BOS,0.7,26
2020-01-27,BOS,0.0,27
2020-01-28,BOS,0.0,28
2020-01-29,BOS,0.0,29
2020-01-30,BOS,0.0,30
2020-01-31,BOS,0.0,31
2020-02-01,BOS,0.04,32
2020-02-02,BOS,0.0,33
2020-02-03,BOS,0.0,34
2020-02-04,BOS,0.0,35
2020-02-05,BOS,0.08,36
2020-02-06,BOS,0.4,37
2020-02-07,BOS,0.27,38
2020-02-08,BOS,0.16,39
2020-02-09,BOS,0.0,40
2020-02-10,BOS,0.03,41
2020-02-11,BOS,0.12,42
2020-02-12,BOS,0.28,43
2020-02-13,BOS,0.54,44
2020-02-14,BOS,0.14,45
2020-02-15,BOS,0.0,46
2020-02-16,BOS,0.0,47
2020-02-17,BOS,0.0,48
2020-02-18,BOS,0.0,49
2020-02-19,BOS,0.13,50
2020-02-20,BOS,0.0,51
2020-02-21,BOS,0.0,52
2020-02-22,BOS,0.0,53
2020-02-23,BOS,0.0,54
2020-02-24,BOS,0.0,55
2020-02-25,BOS,0.0,56
2020-02-26,BOS,0.0,57
2020-02-27,BOS,0.55,58
2020-02-28,BOS,0.14,59
2020-02-29,BOS,0.0,60
2020-03-01,BOS,0.0,61
2020-03-02,BOS,0.0,62
2020-03-03,BOS,0.0,63
2020-03-04,BOS,0.21,64
2020-03-05,BOS,0.0,65
2020-03-06,BOS,0.0,66
2020-03-07,BOS,0.34,67
2020-03-08,BOS,0.0,68
2020-03-09,BOS,0.0,69
2020-03-10,BOS,0.0,70
2020-03-11,BOS,0.0,71
2020-03-12,BOS,0.0,72
2020-03-13,BOS,0.03,73
2020-03-14,BOS,0.21,74
2020-03-15,BOS,0.0,75
2020-03-16,BOS,0.0,76
2020-03-17,BOS,0.03,77
2020-03-18,BOS,0.09,78
2020-03-19,BOS,0.11,79
2020-03-20,BOS,0.61,80
2020-03-21,BOS,0.0,81
2020-03-22,BOS,0.0,82
2020-03-23,BOS,0.0,83
2020-03-24,BOS,1.63,84
2020-03-25,BOS,0.0,85
2020-03-26,BOS,0.0,86
2020-03-27,BOS,0.0,87
2020-03-28,BOS,0.0,88
2020-03-29,BOS,0.43,89
2020-03-30,BOS,0.5,90
2020-03-31,BOS,0.09,91
2020-04-01,BOS,0.0,92
2020-04-02,BOS,0.01,93
2020-04-03,BOS,0.32,94
2020-04-04,BOS,1.22,95
2020-04-05,BOS,0.0,96
2020-04-06,BOS,0.0,97
2020-04-07,BOS,0.0,98
2020-04-08,BOS,0.03,99
2020-04-09,BOS,0.0,100
2020-04-10,BOS,0.75,101
2020-04-11,BOS,0.0,102
2020-04-12,BOS,0.0,103
2020-04-13,BOS,0.19,104
2020-04-14,BOS,1.1,105
2020-04-15,BOS,0.06,106
2020-04-16,BOS,0.01,107
2020-04-17,BOS,0.0,108
2020-04-18,BOS,0.62,109
2020-04-19,BOS,0.08,110
2020-04-20,BOS,0.0,111
2020-04-21,BOS,0.0,112
2020-04-22,BOS,0.34,113
2020-04-23,BOS,0.0,114
2020-04-24,BOS,0.2,115
2020-04-25,BOS,0.25,116
2020-04-26,BOS,0.0,117
2020-04-27,BOS,0.59,118
2020-04-28,BOS,0.41,119
2020-04-29,BOS,0.0,120
2020-04-30,BOS,0.0,121
2020-05-01,BOS,0.8,122
2020-05-02,BOS,0.38,123
2020-05-03,BOS,0.0,124
2020-05-04,BOS,0.02,125
2020-05-05,BOS,0.0,126
2020-05-06,BOS,0.0,127
2020-05-07,BOS,0.17,128
2020-05-08,BOS,0.0,129
2020-05-09,BOS,0.54,130
2020-05-10,BOS,0.0,131
2020-05-11,BOS,0.0,132
2020-05-12,BOS,0.09,133
2020-05-13,BOS,0.0,134
2020-05-14,BOS,0.0,135
2020-05-15,BOS,0.09,136
2020-05-16,BOS,0.36,137
2020-05-17,BOS,0.0,138
2020-05-18,BOS,0.0,139
2020-05-19,BOS,0.0,140
2020-05-20,BOS,0.0,141
2020-05-21,BOS,0.0,142
2020-05-22,BOS,0.0,143
2020-05-23,BOS,0.0,144
2020-05-24,BOS,0.09,145
2020-05-25,BOS,0.02,146
2020-05-26,BOS,0.0,147
2020-05-27,BOS,0.0,148
2020-05-28,BOS,0.0,149
2020-05-29,BOS,0.07,150
2020-05-30,BOS,0.1,151
2020-05-31,BOS,0.0,152
2020-06-01,BOS,0.0,153
2020-06-02,BOS,0.0,154
2020-06-03,BOS,0.0,155
2020-06-04,BOS,0.0,156
2020-06-05,BOS,0.0,157
2020-06-06,BOS,0.39,158
2020-06-07,BOS,0.55,159
2020-06-08,BOS,0.0,160
2020-06-09,BOS,0.0,161
2020-06-10,BOS,0.0,162
2020-06-11,BOS,0.0,163
2020-06-12,BOS,0.73,164
2020-06-13,BOS,0.0,165
2020-06-14,BOS,0.0,166
2020-06-15,BOS,0.0,167
2020-06-16,BOS,0.0,168
2020-06-17,BOS,0.0,169
2020-06-18,BOS,0.0,170
2020-06-19,BOS,0.0,171
2020-06-20,BOS,0.0,172
2020-06-21,BOS,0.0,173
2020-06-22,BOS,0.0,174
2020-06-23,BOS,0.0,175
2020-06-24,BOS,0.0,176
2020-06-25,BOS,0.0,177
2020-06-26,BOS,0.0,178
2020-06-27,BOS,0.22,179
2020-06-28,BOS,0.52,180
2020-06-29,BOS,0.76,181
2020-06-30,BOS,0.52,182
2020-07-01,BOS,0.04,183
2020-07-02,BOS,0.11,184
2020-07-03,BOS,0.0,185
2020-07-04,BOS,0.0,186
2020-07-05,BOS,0.0,187
2020-07-06,BOS,0.42,188
2020-07-07,BOS,0.0,189
2020-07-08,BOS,0.02,190
2020-07-09,BOS,0.0,191
2020-07-10,BOS,0.0,192
2020-07-11,BOS,0.07,193
2020-07-12,BOS,0.0,194
2020-07-13,BOS,0.0,195
2020-07-14,BOS,0.2,196
2020-07-15,BOS,0.03,197
2020-07-16,BOS,0.03,198
2020-07-17,BOS,0.0,199
2020-07-18,BOS,0.19,200
2020-07-19,BOS,0.0,201
2020-07-20,BOS,0.01,202
2020-07-21,BOS,0.0,203
2020-07-22,BOS,0.0,204
2020-07-23,BOS,0.01,205
2020-07-24,BOS,0.08,206
2020-07-25,BOS,0.0,207
2020-07-26,BOS,0.0,208
2020-07-27,BOS,0.0,209
2020-07-28,BOS,0.0,210
2020-07-29,BOS,0.19,211
2020-07-30,BOS,0.0,212
2020-07-31,BOS,0.0,213
2020-08-01,BOS,0.0,214
2020-08-02,BOS,0.0,215
2020-08-03,BOS,0.0,216
2020-08-04,BOS,0.0,217
2020-08-05,BOS,0.2,218
2020-08-06,BOS,0.0,219
2020-08-07,BOS,0.0,220
2020-08-08,BOS,0.0,221
2020-08-09,BOS,0.0,222
2020-08-10,BOS,0.0,223
2020-08-11,BOS,0.0,224
2020-08-12,BOS,0.0,225
2020-08-13,BOS,0.0,226
2020-08-14,BOS,0.0,227
2020-08-15,BOS,0.0,228
2020-08-16,BOS,0.0,229
2020-08-17,BOS,0.27,230
2020-08-18,BOS,0.34,231
2020-08-19,BOS,0.0,232
2020-08-20,BOS,0.0,233
2020-08-21,BOS,0.0,234
2020-08-22,BOS,0.0,235
2020-08-23,BOS,0.09,236
2020-08-24,BOS,0.8,237
2020-08-25,BOS,0.0,238
2020-08-26,BOS,0.0,239
2020-08-27,BOS,0.0,240
2020-08-28,BOS,0.61,241
2020-08-29,BOS,0.0,242
2020-08-30,BOS,0.39,243
2020-08-31,BOS,0.0,244
2020-09-01,BOS,0.0,245
2020-09-02,BOS,0.0,246
2020-09-03,BOS,0.39,247
2020-09-04,BOS,0.06,248
2020-09-05,BOS,0.0,249
2020-09-06,BOS,0.0,250
2020-09-07,BOS,0.0,251
2020-09-08,BOS,0.0,252
2020-09-09,BOS,0.0,253
2020-09-10,BOS,0.0,254
2020-09-11,BOS,0.01,255
2020-09-12,BOS,0.0,256
2020-09-13,BOS,0.0,257
2020-09-14,BOS,0.0,258
2020-09-15,BOS,0.0,259
2020-09-16,BOS,0.0,260
2020-09-17,BOS,0.0,261
2020-09-18,BOS,0.0,262
2020-09-19,BOS,0.0,263
2020-09-20,BOS,0.0,264
2020-09-21,BOS,0.0,265
2020-09-22,BOS,0.0,266
2020-09-23,BOS,0.0,267
2020-09-24,BOS,0.0,268
2020-09-25,BOS,0.0,269
2020-09-26,BOS,0.0,270
2020-09-27,BOS,0.0,271
2020-09-28,BOS,0.02,272
2020-09-29,BOS,0.33,273
2020-09-30,BOS,0.53,274
2020-10-01,BOS,0.04,275
2020-10-02,BOS,0.0,276
2020-10-03,BOS,0.0,277
2020-10-04,BOS,0.0,278
2020-10-05,BOS,0.03,279
2020-10-06,BOS,0.1,280
2020-10-07,BOS,0.0,281
2020-10-08,BOS,0.1,282
2020-10-09,BOS,0.0,283
2020-10-10,BOS,0.0,284
2020-10-11,BOS,0.0,285
2020-10-12,BOS,0.0,286
2020-10-13,BOS,0.39,287
2020-10-14,BOS,1.12,288
2020-10-15,BOS,0.0,289
2020-10-16,BOS,0.0,290
2020-10-17,BOS,1.91,291
2020-10-18,BOS,0.04,292
2020-10-19,BOS,0.0,293
2020-10-20,BOS,0.0,294
2020-10-21,BOS,0.11,295
2020-10-22,BOS,0.0,296
2020-10-23,BOS,0.0,297
2020-10-24,BOS,0.0,298
2020-10-25,BOS,0.0,299
2020-10-26,BOS,0.0,300
2020-10-27,BOS,0.0,301
2020-10-28,BOS,0.02,302
2020-10-29,BOS,0.24,303
2020-10-30,BOS,1.5,304
2020-10-31,BOS,0.42,305
2020-11-01,BOS,0.0,306
2020-11-02,BOS,0.58,307
2020-11-03,BOS,0.0,308
2020-11-04,BOS,0.0,309
2020-11-05,BOS,0.0,310
2020-11-06,BOS,0.0,311
2020-11-07,BOS,0.0,312
2020-11-08,BOS,0.0,313
2020-11-09,BOS,0.0,314
2020-11-10,BOS,0.0,315
2020-11-11,BOS,0.0,316
2020-11-12,BOS,0.08,317
2020-11-13,BOS,0.02,318
2020-11-14,BOS,0.2,319
2020-11-15,BOS,0.0,320
2020-11-16,BOS,0.43,321
2020-11-17,BOS,0.0,322
2020-11-18,BOS,0.0,323
2020-11-19,BOS,0.0,324
2020-11-20,BOS,0.0,325
2020-11-21,BOS,0.0,326
2020-11-22,BOS,0.0,327
2020-11-23,BOS,0.12,328
2020-11-24,BOS,1.21,329
2020-11-25,BOS,0.0,330
2020-11-26,BOS,0.03,331
2020-11-27,BOS,0.49,332
2020-11-28,BOS,0.0,333
2020-11-29,BOS,0.0,334
2020-11-30,BOS,0.0,335
2020-12-01,BOS,1.85,336
2020-12-02,BOS,0.0,337
2020-12-03,BOS,0.0,338
2020-12-04,BOS,0.0,339
2020-12-05,BOS,0.39,340
2020-12-06,BOS,1.91,341
2020-12-07,BOS,0.0,342
2020-12-08,BOS,0.0,343
2020-12-09,BOS,0.0,344
2020-12-10,BOS,0.0,345
2020-12-11,BOS,0.0,346
2020-12-12,BOS,0.0,347
2020-12-13,BOS,0.42,348
2020-12-14,BOS,0.0,349
2020-12-15,BOS,0.14,350
2020-12-16,BOS,0.0,351
2020-12-17,BOS,0.78,352
2020-12-18,BOS,0.25,353
2020-12-19,BOS,0.0,354
2020-12-20,BOS,0.0,355
2020-12-21,BOS,0.03,356
2020-12-22,BOS,0.0,357
2020-12-23,BOS,0.0,358
2020-12-24,BOS,0.0,359
2020-12-25,BOS,0.5,360
2020-12-26,BOS,1.3,361
2020-12-27,BOS,0.0,362
2020-12-28,BOS,0.0,363
2020-12-29,BOS,0.0,364
2020-12-30,BOS,0.0,365
2020-12-31,BOS,0.07,366
2021-01-01,BOS,0.0,1
2021-01-02,BOS,0.25,2
2021-01-03,BOS,0.0,3
2021-01-04,BOS,0.02,4
2021-01-05,BOS,0.0,5
2021-01-06,BOS,0.0,6
2021-01-07,BOS,0.0,7
2021-01-08,BOS,0.0,8
2021-01-09,BOS,0.0,9
2021-01-10,BOS,0.0,10
2021-01-11,BOS,0.0,11
2021-01-12,BOS,0.0,12
2021-01-13,BOS,0.0,13
2021-01-14,BOS,0.0,14
2021-01-15,BOS,0.02,15
2021-01-16,BOS,0.4,16
2021-01-17,BOS,0.85,17
2021-01-18,BOS,0.0,18
2021-01-19,BOS,0.0,19
2021-01-20,BOS,0.0,20
2021-01-21,BOS,0.0,21
2021-01-22,BOS,0.0,22
2021-01-23,BOS,0.0,23
2021-01-24,BOS,0.0,24
2021-01-25,BOS,0.0,25
2021-01-26,BOS,0.0,26
2021-01-27,BOS,0.35,27
2021-01-28,BOS,0.01,28
2021-01-29,BOS,0.0,29
2021-01-30,BOS,0.0,30
2021-01-31,BOS,0.0,31
2021-02-01,BOS,0.0,32
2021-02-02,BOS,1.36,33
2021-02-03,BOS,0.02,34
2021-02-04,BOS,0.01,35
2021-02-05,BOS,0.0,36
2021-02-06,BOS,0.03,37
2021-02-07,BOS,0.0,38
2021-02-08,BOS,0.47,39
2021-02-09,BOS,0.0,40
2021-02-10,BOS,0.21,41
2021-02-11,BOS,0.0,42
2021-02-12,BOS,0.0,43
2021-02-13,BOS,0.0,44
2021-02-14,BOS,0.0,45
2021-02-15,BOS,0.0,46
2021-02-16,BOS,0.3,47
2021-02-17,BOS,0.25,48
2021-02-18,BOS,0.0,49
2021-02-19,BOS,0.04,50
2021-02-20,BOS,0.31,51
2021-02-21,BOS,0.0,52
2021-02-22,BOS,0.0,53
2021-02-23,BOS,0.34,54
2021-02-24,BOS,0.0,55
2021-02-25,BOS,0.0,56
2021-02-26,BOS,0.0,57
2021-02-27,BOS,0.0,58
2021-02-28,BOS,0.44,59
2021-03-01,BOS,0.23,60
2021-03-02,BOS,0.0,61
2021-03-03,BOS,0.0,62
2021-03-04,BOS,0.0,63
2021-03-05,BOS,0.0,64
2021-03-06,BOS,0.0,65
2021-03-07,BOS,0.0,66
2021-03-08,BOS,0.0,67
2021-03-09,BOS,0.0,68
2021-03-10,BOS,0.0,69
2021-03-11,BOS,0.0,70
2021-03-12,BOS,0.0,71
2021-03-13,BOS,0.0,72
2021-03-14,BOS,0.0,73
2021-03-15,BOS,0.0,74
2021-03-16,BOS,0.0,75
2021-03-17,BOS,0.0,76
2021-03-18,BOS,0.0,77
2021-03-19,BOS,0.85,78
2021-03-20,BOS,0.0,79
2021-03-21,BOS,0.0,80
2021-03-22,BOS,0.0,81
2021-03-23,BOS,0.0,82
2021-03-24,BOS,0.0,83
2021-03-25,BOS,0.1,84
2021-03-26,BOS,0.08,85
2021-03-27,BOS,0.0,86
2021-03-28,BOS,0.0,87
2021-03-29,BOS,1.0,88
2021-03-30,BOS,0.0,89
2021-03-31,BOS,0.0,90
2021-04-01,BOS,1.63,91
2021-04-02,BOS,0.04,92
2021-04-03,BOS,0.0,93
2021-04-04,BOS,0.0,94
2021-04-05,BOS,0.0,95
2021-04-06,BOS,0.0,96
2021-04-07,BOS,0.0,97
2021-04-08,BOS,0.0,98
2021-04-09,BOS,0.0,99
2021-04-10,BOS,0.0,100
2021-04-11,BOS,0.0,101
2021-04-12,BOS,0.0,102
2021-04-13,BOS,0.0,103
2021-04-14,BOS,0.02,104
2021-04-15,BOS,0.0,105
2021-04-16,BOS,0.87,106
2021-04-17,BOS,0.76,107
2021-04-18,BOS,0.05,108
2021-04-19,BOS,0.0,109
2021-04-20,BOS,0.0,110
2021-04-21,BOS,0.0,111
2021-04-22,BOS,0.12,112
2021-04-23,BOS,0.0,113
2021-04-24,BOS,0.0,114
2021-04-25,BOS,0.01,115
2021-04-26,BOS,0.48,116
2021-04-27,BOS,0.0,117
2021-04-28,BOS,0.1,118
2021-04-29,BOS,0.01,119
2021-04-30,BOS,0.37,120
2021-05-01,BOS,0.12,121
2021-05-02,BOS,0.03,122
2021-05-03,BOS,0.07,123
2021-05-04,BOS,0.91,124
2021-05-05,BOS,0.15,125
2021-05-06,BOS,0.17,126
2021-05-07,BOS,0.0,127
2021-05-08,BOS,0.0,128
2021-05-09,BOS,0.0,129
2021-05-10,BOS,0.59,130
2021-05-11,BOS,0.0,131
2021-05-12,BOS,0.0,132
2021-05-13,BOS,0.05,133
2021-05-14,BOS,0.0,134
2021-05-15,BOS,0.0,135
2021-05-16,BOS,0.0,136
2021-05-17,BOS,0.0,137
2021-05-18,BOS,0.0,138
2021-05-19,BOS,0.0,139
2021-05-20,BOS,0.0,140
2021-05-21,BOS,0.0,141
2021-05-22,BOS,0.0,142
2021-05-23,BOS,0.0,143
2021-05-24,BOS,0.0,144
2021-05-25,BOS,0.0,145
2021-05-26,BOS,0.0,146
2021-05-27,BOS,0.22,147
2021-05-28,BOS,0.0,148
2021-05-29,BOS,2.1,149
2021-05-30,BOS,0.31,150
2021-05-31,BOS,0.8,151
2021-06-01,BOS,0.02,152
2021-06-02,BOS,0.0,153
2021-06-03,BOS,0.0,154
2021-06-04,BOS,0.04,155
2021-06-05,BOS,0.05,156
2021-06-06,BOS,0.0,157
2021-06-07,BOS,0.0,158
2021-06-08,BOS,0.0,159
2021-06-09,BOS,0.01,160
2021-06-10,BOS,0.0,161
2021-06-11,BOS,0.0,162
2021-06-12,BOS,0.21,163
2021-06-13,BOS,0.13,164
2021-06-14,BOS,0.0,165
2021-06-15,BOS,0.98,166
2021-06-16,BOS,0.12,167
2021-06-17,BOS,0.0,168
2021-06-18,BOS,0.0,169
2021-06-19,BOS,0.0,170
2021-06-20,BOS,0.11,171
2021-06-21,BOS,0.0,172
2021-06-22,BOS,0.0,173
2021-06-23,BOS,1.47,174
2021-06-24,BOS,0.0,175
2021-06-25,BOS,0.23,176
2021-06-26,BOS,0.01,177
2021-06-27,BOS,0.0,178
2021-06-28,BOS,0.0,179
2021-06-29,BOS,0.0,180
2021-06-30,BOS,0.0,181
2021-07-01,BOS,0.56,182
2021-07-02,BOS,1.27,183
2021-07-03,BOS,0.13,184
2021-07-04,BOS,1.69,185
2021-07-05,BOS,0.0,186
2021-07-06,BOS,0.06,187
2021-07-07,BOS,0.46,188
2021-07-08,BOS,0.21,189
2021-07-09,BOS,0.1,190
2021-07-10,BOS,2.2,191
2021-07-11,BOS,0.0,192
2021-07-12,BOS,0.55,193
2021-07-13,BOS,0.83,194
2021-07-14,BOS,0.05,195
2021-07-15,BOS,0.0,196
2021-07-16,BOS,0.0,197
2021-07-17,BOS,0.04,198
2021-07-18,BOS,0.18,199
2021-07-19,BOS,0.0,200
2021-07-20,BOS,0.07,201
2021-07-21,BOS,0.0,202
2021-07-22,BOS,0.32,203
2021-07-23,BOS,0.0,204
2021-07-24,BOS,0.53,205
2021-07-25,BOS,0.0,206
2021-07-26,BOS,0.04,207
2021-07-27,BOS,0.0,208
2021-07-28,BOS,0.19,209
2021-07-29,BOS,0.0,210
2021-07-30,BOS,0.16,211
2021-07-31,BOS,0.0,212
2021-08-01,BOS,0.0,213
2021-08-02,BOS,0.01,214
2021-08-03,BOS,0.0,215
2021-08-04,BOS,0.0,216
2021-08-05,BOS,1.88,217
2021-08-06,BOS,1.34,218
2021-08-07,BOS,0.0,219
2021-08-08,BOS,0.0,220
2021-08-09,BOS,0.0,221
2021-08-10,BOS,0.24,222
2021-08-11,BOS,0.0,223
2021-08-12,BOS,0.0,224
2021-08-13,BOS,0.0,225
2021-08-14,BOS,0.0,226
2021-08-15,BOS,0.0,227
2021-08-16,BOS,0.0,228
2021-08-17,BOS,0.0,229
2021-08-18,BOS,0.0,230
2021-08-19,BOS,0.0,231
2021-08-20,BOS,0.58,232
2021-08-21,BOS,0.0,233
2021-08-22,BOS,0.18,234
2021-08-23,BOS,0.76,235
2021-08-24,BOS,1.89,236
2021-08-25,BOS,0.0,237
2021-08-26,BOS,0.0,238
2021-08-27,BOS,0.0,239
2021-08-28,BOS,0.0,240
2021-08-29,BOS,0.02,241
2021-08-30,BOS,0.0,242
2021-08-31,BOS,0.0,243
2021-09-01,BOS,0.0,244
2021-09-02,BOS,4.2,245
2021-09-03,BOS,0.02,246
2021-09-04,BOS,0.0,247
2021-09-05,BOS,0.0,248
2021-09-06,BOS,0.09,249
2021-09-07,BOS,0.0,250
2021-09-08,BOS,0.0,251
2021-09-09,BOS,0.23,252
2021-09-10,BOS,0.54,253
2021-09-11,BOS,0.0,254
2021-09-12,BOS,0.0,255
2021-09-13,BOS,0.0,256
2021-09-14,BOS,0.0,257
2021-09-15,BOS,0.0,258
2021-09-16,BOS,0.07,259
2021-09-17,BOS,0.04,260
2021-09-18,BOS,0.01,261
2021-09-19,BOS,0.22,262
2021-09-20,BOS,0.0,263
2021-09-21,BOS,0.0,264
2021-09-22,BOS,0.0,265
2021-09-23,BOS,0.02,266
2021-09-24,BOS,0.09,267
2021-09-25,BOS,0.22,268
2021-09-26,BOS,0.83,269
2021-09-27,BOS,0.0,270
2021-09-28,BOS,0.0,271
2021-09-29,BOS,0.48,272
2021-09-30,BOS,0.05,273
2021-10-01,BOS,0.0,274
2021-10-02,BOS,0.0,275
2021-10-03,BOS,0.0,276
2021-10-04,BOS,1.12,277
2021-10-05,BOS,1.43,278
2021-10-06,BOS,0.02,279
2021-10-07,BOS,0.0,280
2021-10-08,BOS,0.0,281
2021-10-09,BOS,0.02,282
2021-10-10,BOS,0.0,283
2021-10-11,BOS,0.0,284
2021-10-12,BOS,0.0,285
2021-10-13,BOS,0.0,286
2021-10-14,BOS,0.0,287
2021-10-15,BOS,0.0,288
2021-10-16,BOS,0.0,289
2021-10-17,BOS,0.77,290
2021-10-18,BOS,0.0,291
2021-10-19,BOS,0.0,292
2021-10-20,BOS,0.0,293
2021-10-21,BOS,0.0,294
2021-10-22,BOS,0.0,295
2021-10-23,BOS,0.01,296
2021-10-24,BOS,0.0,297
2021-10-25,BOS,0.25,298
2021-10-26,BOS,0.8,299
2021-10-27,BOS,1.76,300
2021-10-28,BOS,0.34,301
2021-10-29,BOS,0.0,302
2021-10-30,BOS,0.08,303
2021-10-31,BOS,1.33,304
2021-11-01,BOS,0.02,305
2021-11-02,BOS,0.0,306
2021-11-03,BOS,0.01,307
2021-11-04,BOS,0.0,308
2021-11-05,BOS,0.0,309
2021-11-06,BOS,0.0,310
2021-11-07,BOS,0.0,311
2021-11-08,BOS,0.0,312
2021-11-09,BOS,0.0,313
2021-11-10,BOS,0.0,314
2021-11-11,BOS,0.0,315
2021-11-12,BOS,0.0,316
2021-11-13,BOS,0.92,317
2021-11-14,BOS,0.26,318
2021-11-15,BOS,0.07,319
2021-11-16,BOS,0.0,320
2021-11-17,BOS,0.0,321
2021-11-18,BOS,0.0,322
2021-11-19,BOS,0.26,323
2021-11-20,BOS,0.0,324
2021-11-21,BOS,0.0,325
2021-11-22,BOS,0.1,326
2021-11-23,BOS,0.0,327
2021-11-24,BOS,0.0,328
2021-11-25,BOS,0.0,329
2021-11-26,BOS,0.05,330
2021-11-27,BOS,0.0,331
2021-11-28,BOS,0.0,332
2021-11-29,BOS,0.0,333
2021-11-30,BOS,0.0,334
2021-12-01,BOS,0.0,335
2021-12-02,BOS,0.02,336
2021-12-03,BOS,0.02,337
2021-12-04,BOS,0.0,338
2021-12-05,BOS,0.0,339
2021-12-06,BOS,0.08,340
2021-12-07,BOS,0.13,341
2021-12-08,BOS,0.0,342
2021-12-09,BOS,0.05,343
2021-12-10,BOS,0.0,344
2021-12-11,BOS,0.01,345
2021-12-12,BOS,0.22,346
2021-12-13,BOS,0.0,347
2021-12-14,BOS,0.0,348
2021-12-15,BOS,0.0,349
2021-12-16,BOS,0.33,350
2021-12-17,BOS,0.0,351
2021-12-18,BOS,0.0,352
2021-12-19,BOS,0.32,353
2021-12-20,BOS,0.0,354
2021-12-21,BOS,0.0,355
2021-12-22,BOS,0.0,356
2021-12-23,BOS,0.09,357
2021-12-24,BOS,0.0,358
2021-12-25,BOS,0.03,359
2021-12-26,BOS,0.14,360
2021-12-27,BOS,0.0,361
2021-12-28,BOS,0.04,362
2021-12-29,BOS,0.11,363
2021-12-30,BOS,0.0,364
2021-12-31,BOS,0.07,365
2022-01-01,BOS,0.02,1
2022-01-02,BOS,0.39,2
2022-01-03,BOS,0.0,3
2022-01-04,BOS,0.0,4
2022-01-05,BOS,0.0,5
2022-01-06,BOS,0.31,6
2022-01-07,BOS,0.16,7
2022-01-08,BOS,0.25,8
2022-01-09,BOS,0.0,9
2022-01-10,BOS,0.03,10
2022-01-11,BOS,0.02,11
2022-01-12,BOS,0.0,12
2022-01-13,BOS,0.0,13
2022-01-14,BOS,0.0,14
2022-01-15,BOS,0.0,15
2022-01-16,BOS,0.0,16
2022-01-17,BOS,0.89,17
2022-01-18,BOS,0.26,18
2022-01-19,BOS,0.0,19
2022-01-20,BOS,0.08,20
2022-01-21,BOS,0.11,21
2022-01-22,BOS,0.0,22
2022-01-23,BOS,0.0,23
2022-01-24,BOS,0.0,24
2022-01-25,BOS,0.05,25
2022-01-26,BOS,0.0,26
2022-01-27,BOS,0.0,27
2022-01-28,BOS,0.0,28
2022-01-29,BOS,0.51,29
2022-01-30,BOS,0.85,30
2022-01-31,BOS,0.0,31
2022-02-01,BOS,0.0,32
2022-02-02,BOS,0.0,33
2022-02-03,BOS,0.0,34
2022-02-04,BOS,0.61,35
2022-02-05,BOS,1.48,36
2022-02-06,BOS,0.0,37
2022-02-07,BOS,0.0,38
2022-02-08,BOS,0.94,39
2022-02-09,BOS,0.0,40
2022-02-10,BOS,0.0,41
2022-02-11,BOS,0.0,42
2022-02-12,BOS,0.0,43
2022-02-13,BOS,0.05,44
2022-02-14,BOS,0.45,45
2022-02-15,BOS,0.0,46
2022-02-16,BOS,0.0,47
2022-02-17,BOS,0.0,48
2022-02-18,BOS,0.66,49
2022-02-19,BOS,0.13,50
2022-02-20,BOS,0.0,51
2022-02-21,BOS,0.0,52
2022-02-22,BOS,0.0,53
2022-02-23,BOS,0.71,54
2022-02-24,BOS,0.0,55
2022-02-25,BOS,0.31,56
2022-02-26,BOS,0.77,57
2022-02-27,BOS,0.0,58
2022-02-28,BOS,0.01,59
2022-03-01,BOS,0.0,60
2022-03-02,BOS,0.12,61
2022-03-03,BOS,0.14,62
2022-03-04,BOS,0.0,63
2022-03-05,BOS,0.0,64
2022-03-06,BOS,0.0,65
2022-03-07,BOS,0.04,66
2022-03-08,BOS,0.05,67
2022-03-09,BOS,0.0,68
2022-03-10,BOS,0.33,69
2022-03-11,BOS,0.0,70
2022-03-12,BOS,0.02,71
2022-03-13,BOS,0.58,72
2022-03-14,BOS,0.0,73
2022-03-15,BOS,0.0,74
2022-03-16,BOS,0.0,75
2022-03-17,BOS,0.0,76
2022-03-18,BOS,0.11,77
2022-03-19,BOS,0.0,78
2022-03-20,BOS,0.23,79
2022-03-21,BOS,0.0,80
2022-03-22,BOS,0.0,81
2022-03-23,BOS,0.0,82
2022-03-24,BOS,0.53,83
2022-03-25,BOS,0.82,84
2022-03-26,BOS,0.0,85
2022-03-27,BOS,0.0,86
2022-03-28,BOS,0.0,87
2022-03-29,BOS,0.0,88
2022-03-30,BOS,0.0,89
2022-03-31,BOS,0.0,90
2022-04-01,BOS,0.25,91
2022-04-02,BOS,0.08,92
2022-04-03,BOS,0.0,93
2022-04-04,BOS,0.02,94
2022-04-05,BOS,0.0,95
2022-04-06,BOS,0.05,96
2022-04-07,BOS,0.4,97
2022-04-08,BOS,0.51,98
2022-04-09,BOS,0.02,99
2022-04-10,BOS,0.0,100
2022-04-11,BOS,0.0,101
2022-04-12,BOS,0.01,102
2022-04-13,BOS,0.04,103
2022-04-14,BOS,0.0,104
2022-04-15,BOS,0.02,105
2022-04-16,BOS,0.0,106
2022-04-17,BOS,0.29,107
2022-04-18,BOS,0.02,108
2022-04-19,BOS,1.07,109
2022-04-20,BOS,0.01,110
2022-04-21,BOS,0.0,111
2022-04-22,BOS,0.0,112
2022-04-23,BOS,0.0,113
2022-04-24,BOS,0.0,114
2022-04-25,BOS,0.0,115
2022-04-26,BOS,0.0,116
2022-04-27,BOS,0.25,117
2022-04-28,BOS,0.0,118
2022-04-29,BOS,0.0,119
2022-04-30,BOS,0.0,120
2022-05-01,BOS,0.0,121
2022-05-02,BOS,0.0,122
2022-05-03,BOS,0.62,123
2022-05-04,BOS,0.01,124
2022-05-05,BOS,0.26,125
2022-05-06,BOS,0.0,126
2022-05-07,BOS,0.0,127
2022-05-08,BOS,0.0,128
2022-05-09,BOS,0.0,129
2022-05-10,BOS,0.0,130
2022-05-11,BOS,0.0,131
2022-05-12,BOS,0.01,132
2022-05-13,BOS,0.01,133
2022-05-14,BOS,0.0,134
2022-05-15,BOS,0.04,135
2022-05-16,BOS,0.0,136
2022-05-17,BOS,0.06,137
2022-05-18,BOS,0.0,138
2022-05-19,BOS,0.0,139
2022-05-20,BOS,0.05,140
2022-05-21,BOS,0.15,141
2022-05-22,BOS,0.0,142
2022-05-23,BOS,0.0,143
2022-05-24,BOS,0.0,144
2022-05-25,BOS,0.0,145
2022-05-26,BOS,0.0,146
2022-05-27,BOS,0.01,147
2022-05-28,BOS,0.47,148
2022-05-29,BOS,0.0,149
2022-05-30,BOS,0.02,150
2022-05-31,BOS,0.0,151
2022-06-01,BOS,0.04,152
2022-06-02,BOS,0.0,153
2022-06-03,BOS,0.0,154
2022-06-04,BOS,0.01,155
2022-06-05,BOS,0.0,156
2022-06-06,BOS,0.0,157
2022-06-07,BOS,0.0,158
2022-06-08,BOS,1.13,159
2022-06-09,BOS,0.36,160
2022-06-10,BOS,0.41,161
2022-06-11,BOS,0.0,162
2022-06-12,BOS,0.0,163
2022-06-13,BOS,0.44,164
2022-06-14,BOS,0.0,165
2022-06-15,BOS,0.0,166
2022-06-16,BOS,0.0,167
2022-06-17,BOS,0.0,168
2022-06-18,BOS,0.15,169
2022-06-19,BOS,0.11,170
2022-06-20,BOS,0.1,171
2022-06-21,BOS,0.0,172
2022-06-22,BOS,0.0,173
2022-06-23,BOS,0.0,174
2022-06-24,BOS,0.0,175
2022-06-25,BOS,0.0,176
2022-06-26,BOS,0.0,177
2022-06-27,BOS,0.0,178
2022-06-28,BOS,1.04,179
2022-06-29,BOS,0.0,180
2022-06-30,BOS,0.0,181
2022-07-01,BOS,0.0,182
2022-07-02,BOS,0.56,183
2022-07-03,BOS,0.02,184
2022-07-04,BOS,0.0,185
2022-07-05,BOS,0.0,186
2022-07-06,BOS,0.0,187
2022-07-07,BOS,0.0,188
2022-07-08,BOS,0.0,189
2022-07-09,BOS,0.0,190
2022-07-10,BOS,0.0,191
2022-07-11,BOS,0.0,192
2022-07-12,BOS,0.0,193
2022-07-13,BOS,0.07,194
2022-07-14,BOS,0.0,195
2022-07-15,BOS,0.1,196
2022-07-16,BOS,0.0,197
2022-07-17,BOS,0.0,198
2022-07-18,BOS,0.0,199
2022-07-19,BOS,0.1,200
2022-07-20,BOS,0.0,201
2022-07-21,BOS,0.0,202
2022-07-22,BOS,0.0,203
2022-07-23,BOS,0.0,204
2022-07-24,BOS,0.0,205
2022-07-25,BOS,0.0,206
2022-07-26,BOS,0.15,207
2022-07-27,BOS,0.0,208
2022-07-28,BOS,0.0,209
2022-07-29,BOS,0.06,210
2022-07-30,BOS,0.12,211
2022-07-31,BOS,0.0,212
2022-08-01,BOS,0.15,213
2022-08-02,BOS,0.0,214
2022-08-03,BOS,0.0,215
2022-08-04,BOS,0.0,216
2022-08-05,BOS,0.0,217
2022-08-06,BOS,0.6,218
2022-08-07,BOS,0.0,219
2022-08-08,BOS,0.0,220
2022-08-09,BOS,0.0,221
2022-08-10,BOS,0.62,222
2022-08-11,BOS,0.0,223
2022-08-12,BOS,0.02,224
2022-08-13,BOS,0.0,225
2022-08-14,BOS,0.0,226
2022-08-15,BOS,0.0,227
2022-08-16,BOS,0.0,228
2022-08-17,BOS,0.06,229
2022-08-18,BOS,0.0,230
2022-08-19,BOS,0.0,231
2022-08-20,BOS,0.0,232
2022-08-21,BOS,0.0,233
2022-08-22,BOS,0.0,234
2022-08-23,BOS,0.94,235
2022-08-24,BOS,2.93,236
2022-08-25,BOS,0.01,237
2022-08-26,BOS,0.0,238
2022-08-27,BOS,0.58,239
2022-08-28,BOS,0.0,240
2022-08-29,BOS,0.0,241
2022-08-30,BOS,0.0,242
2022-08-31,BOS,0.22,243
2022-09-01,BOS,0.0,244
2022-09-02,BOS,0.0,245
2022-09-03,BOS,0.0,246
2022-09-04,BOS,0.0,247
2022-09-05,BOS,0.0,248
2022-09-06,BOS,2.85,249
2022-09-07,BOS,0.79,250
2022-09-08,BOS,0.01,251
2022-09-09,BOS,0.0,252
2022-09-10,BOS,0.0,253
2022-09-11,BOS,0.0,254
2022-09-12,BOS,0.24,255
2022-09-13,BOS,0.04,256
2022-09-14,BOS,0.42,257
2022-09-15,BOS,0.0,258
2022-09-16,BOS,0.0,259
2022-09-17,BOS,0.0,260
2022-09-18,BOS,0.0,261
2022-09-19,BOS,0.01,262
2022-09-20,BOS,0.09,263
2022-09-21,BOS,0.04,264
2022-09-22,BOS,0.0,265
2022-09-23,BOS,1.88,266
2022-09-24,BOS,0.0,267
2022-09-25,BOS,0.0,268
2022-09-26,BOS,0.19,269
2022-09-27,BOS,0.02,270
2022-09-28,BOS,0.0,271
2022-09-29,BOS,0.0,272
2022-09-30,BOS,0.0,273
2022-10-01,BOS,0.0,274
2022-10-02,BOS,0.32,275
2022-10-03,BOS,0.0,276
2022-10-04,BOS,0.0,277
2022-10-05,BOS,0.44,278
2022-10-06,BOS,1.02,279
2022-10-07,BOS,0.0,280
2022-10-08,BOS,0.13,281
2022-10-09,BOS,0.0,282
2022-10-10,BOS,0.0,283
2022-10-11,BOS,0.02,284
2022-10-12,BOS,0.0,285
2022-10-13,BOS,0.0,286
2022-10-14,BOS,2.25,287
2022-10-15,BOS,0.59,288
2022-10-16,BOS,0.0,289
2022-10-17,BOS,0.0,290
2022-10-18,BOS,0.33,291
2022-10-19,BOS,0.0,292
2022-10-20,BOS,0.0,293
2022-10-21,BOS,0.0,294
2022-10-22,BOS,0.0,295
2022-10-23,BOS,0.0,296
2022-10-24,BOS,0.15,297
2022-10-25,BOS,0.04,298
2022-10-26,BOS,0.09,299
2022-10-27,BOS,1.34,300
2022-10-28,BOS,0.0,301
2022-10-29,BOS,0.0,302
2022-10-30,BOS,0.0,303
2022-10-31,BOS,0.0,304
2022-11-01,BOS,0.05,305
2022-11-02,BOS,0.01,306
2022-11-03,BOS,0.0,307
2022-11-04,BOS,0.0,308
2022-11-05,BOS,0.0,309
2022-11-06,BOS,0.0,310
2022-11-07,BOS,0.01,311
2022-11-08,BOS,0.02,312
2022-11-09,BOS,0.0,313
2022-11-10,BOS,0.0,314
2022-11-11,BOS,0.0,315
2022-11-12,BOS,0.54,316
2022-11-13,BOS,0.12,317
2022-11-14,BOS,0.19,318
2022-11-15,BOS,0.0,319
2022-11-16,BOS,0.46,320
2022-11-17,BOS,0.14,321
2022-11-18,BOS,0.0,322
2022-11-19,BOS,0.0,323
2022-11-20,BOS,0.0,324
2022-11-21,BOS,0.0,325
2022-11-22,BOS,0.0,326
2022-11-23,BOS,0.0,327
2022-11-24,BOS,0.0,328
2022-11-25,BOS,0.0,329
2022-11-26,BOS,0.01,330
2022-11-27,BOS,0.0,331
2022-11-28,BOS,0.53,332
2022-11-29,BOS,0.0,333
2022-11-30,BOS,0.0,334
2022-12-01,BOS,0.99,335
2022-12-02,BOS,0.0,336
2022-12-03,BOS,0.0,337
2022-12-04,BOS,0.4,338
2022-12-05,BOS,0.0,339
2022-12-06,BOS,0.0,340
2022-12-07,BOS,0.48,341
2022-12-08,BOS,0.54,342
2022-12-09,BOS,0.0,343
2022-12-10,BOS,0.0,344
2022-12-11,BOS,0.01,345
2022-12-12,BOS,0.09,346
2022-12-13,BOS,0.0,347
2022-12-14,BOS,0.0,348
2022-12-15,BOS,0.0,349
2022-12-16,BOS,0.37,350
2022-12-17,BOS,1.37,351
2022-12-18,BOS,0.0,352
2022-12-19,BOS,0.0,353
2022-12-20,BOS,0.0,354
2022-12-21,BOS,0.0,355
2022-12-22,BOS,0.0,356
2022-12-23,BOS,1.17,357
2022-12-24,BOS,0.48,358
2022-12-25,BOS,0.0,359
2022-12-26,BOS,0.0,360
2022-12-27,BOS,0.0,361
2022-12-28,BOS,0.0,362
2022-12-29,BOS,0.0,363
2022-12-30,BOS,0.0,364
2022-12-31,BOS,0.0,365
2018-01-01,SEA,0.0,1
2018-01-02,SEA,0.0,2
2018-01-03,SEA,0.0,3
2018-01-04,SEA,0.0,4
2018-01-05,SEA,0.25,5
2018-01-06,SEA,0.57,6
2018-01-07,SEA,0.23,7
2018-01-08,SEA,0.41,8
2018-01-09,SEA,0.1475,9
2018-01-10,SEA,0.1725,10
2018-01-11,SEA,0.2975,11
2018-01-12,SEA,0.5900000000000001,12
2018-01-13,SEA,0.3425,13
2018-01-14,SEA,0.0525,14
2018-01-15,SEA,0.052500000000000005,15
2018-01-16,SEA,0.025,16
2018-01-17,SEA,0.045,17
2018-01-18,SEA,0.155,18
2018-01-19,SEA,0.09000000000000001,19
2018-01-20,SEA,0.05500000000000001,20
2018-01-21,SEA,0.1,21
2018-01-22,SEA,0.1975,22
2018-01-23,SEA,0.2875,23
2018-01-24,SEA,0.29333333333333333,24
2018-01-25,SEA,0.18666666666666668,25
2018-01-26,SEA,0.07,26
2018-01-27,SEA,0.065,27
2018-01-28,SEA,0.2975,28
2018-01-29,SEA,0.055,29
2018-01-30,SEA,0.0825,30
2018-01-31,SEA,0.1775,31
2018-02-01,SEA,0.5199999999999999,32
2018-02-02,SEA,0.27749999999999997,33
2018-02-03,SEA,0.145,34
2018-02-04,SEA,0.1075,35
2018-02-05,SEA,0.21,36
2018-02-06,SEA,0.35000000000000003,37
2018-02-07,SEA,0.16249999999999998,38
2018-02-08,SEA,0.0975,39
2018-02-09,SEA,0.29750000000000004,40
2018-02-10,SEA,0.0075,41
2018-02-11,SEA,0.18,42
2018-02-12,SEA,0.275,43
2018-02-13,SEA,0.27,44
2018-02-14,SEA,0.13749999999999998,45
2018-02-15,SEA,0.25,46
2018-02-16,SEA,0.056666666666666664,47
2018-02-17,SEA,0.1366666666666667,48
2018-02-18,SEA,0.006666666666666667,49
2018-02-19,SEA,0.06,50
2018-02-20,SEA,0.20500000000000002,51
2018-02-21,SEA,0.11,52
2018-02-22,SEA,0.03,53
2018-02-23,SEA,0.0,54
2018-02-24,SEA,0.095,55
2018-02-25,SEA,0.07,56
2018-02-26,SEA,0.005,57
2018-02-27,SEA,0.25333333333333335,58
2018-02-28,SEA,0.6366666666666666,59
2018-03-01,SEA,0.2875,60
2018-03-02,SEA,0.0075,61
2018-03-03,SEA,0.11333333333333334,62
2018-03-04,SEA,0.05333333333333334,63
2018-03-05,SEA,0.1125,64
2018-03-06,SEA,0.0,65
2018-03-07,SEA,0.32666666666666666,66
2018-03-08,SEA,0.08666666666666667,67
2018-03-09,SEA,0.09000000000000001,68
2018-03-10,SEA,0.005,69
2018-03-11,SEA,0.0,70
2018-03-12,SEA,0.0,71
2018-03-13,SEA,0.0,72
2018-03-14,SEA,0.2,73
2018-03-15,SEA,0.02,74
2018-03-16,SEA,0.0,75
2018-03-17,SEA,0.0,76
2018-03-18,SEA,0.0,77
2018-03-19,SEA,0.0,78
2018-03-20,SEA,0.0,79
2018-03-21,SEA,0.0,80
2018-03-22,SEA,0.25,81
2018-03-23,SEA,0.29,82
2018-03-24,SEA,0.63,83
2018-03-25,SEA,0.0,84
2018-03-26,SEA,0.0,85
2018-03-27,SEA,0.0,86
2018-03-28,SEA,0.07,87
2018-03-29,SEA,0.0,88
2018-03-30,SEA,0.0,89
2018-03-31,SEA,0.0,90
2018-04-01,SEA,0.01,91
2018-04-02,SEA,0.16,92
2018-04-03,SEA,0.0,93
2018-04-04,SEA,0.08,94
2018-04-05,SEA,0.24,95
2018-04-06,SEA,0.21,96
2018-04-07,SEA,0.43,97
2018-04-08,SEA,0.55,98
2018-04-09,SEA,0.04,99
2018-04-10,SEA,0.09,100
2018-04-11,SEA,0.19,101
2018-04-12,SEA,0.46,102
2018-04-13,SEA,0.18,103
2018-04-14,SEA,0.68,104
2018-04-15,SEA,1.65,105
2018-04-16,SEA,0.1,106
2018-04-17,SEA,0.11,107
2018-04-18,SEA,0.02,108
2018-04-19,SEA,0.0,109
2018-04-20,SEA,0.0,110
2018-04-21,SEA,0.05,111
2018-04-22,SEA,0.1,112
2018-04-23,SEA,0.0,113
2018-04-24,SEA,0.0,114
2018-04-25,SEA,0.0,115
2018-04-26,SEA,0.0,116
2018-04-27,SEA,0.0,117
2018-04-28,SEA,0.32,118
2018-04-29,SEA,0.27,119
2018-04-30,SEA,0.0,120
2018-05-01,SEA,0.0,121
2018-05-02,SEA,0.0,122
2018-05-03,SEA,0.0,123
2018-05-04,SEA,0.0,124
2018-05-05,SEA,0.0,125
2018-05-06,SEA,0.03,126
2018-05-07,SEA,0.0,127
2018-05-08,SEA,0.0,128
2018-05-09,SEA,0.05,129
2018-05-10,SEA,0.0,130
2018-05-11,SEA,0.0,131
2018-05-12,SEA,0.0,132
2018-05-13,SEA,0.0,133
2018-05-14,SEA,0.0,134
2018-05-15,SEA,0.0,135
2018-05-16,SEA,0.0,136
2018-05-17,SEA,0.0,137
2018-05-18,SEA,0.0,138
2018-05-19,SEA,0.0,139
2018-05-20,SEA,0.12,140
2018-05-21,SEA,0.0,141
2018-05-22,SEA,0.0,142
2018-05-23,SEA,0.0,143
2018-05-24,SEA,0.0,144
2018-05-25,SEA,0.01,145
2018-05-26,SEA,0.0,146
2018-05-27,SEA,0.0,147
2018-05-28,SEA,0.0,148
2018-05-29,SEA,0.0,149
2018-05-30,SEA,0.0,150
2018-05-31,SEA,0.0,151
2018-06-01,SEA,0.0,152
2018-06-02,SEA,0.0,153
2018-06-03,SEA,0.0,154
2018-06-04,SEA,0.05,155
2018-06-05,SEA,0.04,156
2018-06-06,SEA,0.0,157
2018-06-07,SEA,0.0,158
2018-06-08,SEA,0.0,159
2018-06-09,SEA,0.26,160
2018-06-10,SEA,0.13,161
2018-06-11,SEA,0.21,162
2018-06-12,SEA,0.0,163
2018-06-13,SEA,0.2,164
2018-06-14,SEA,0.05,165
2018-06-15,SEA,0.0,166
2018-06-16,SEA,0.0,167
2018-06-17,SEA,0.0,168
2018-06-18,SEA,0.0,169
2018-06-19,SEA,0.0,170
2018-06-20,SEA,0.0,171
2018-06-21,SEA,0.0,172
2018-06-22,SEA,0.0,173
2018-06-23,SEA,0.18,174
2018-06-24,SEA,0.0,175
2018-06-25,SEA,0.17,176
2018-06-26,SEA,0.15,177
2018-06-27,SEA,0.0,178
2018-06-28,SEA,0.0,179
2018-06-29,SEA,0.0,180
2018-06-30,SEA,0.0,181
2018-07-01,SEA,0.02,182
2018-07-02,SEA,0.01,183
2018-07-03,SEA,0.0,184
2018-07-04,SEA,0.0,185
2018-07-05,SEA,0.0,186
2018-07-06,SEA,0.0,187
2018-07-07,SEA,0.0,188
2018-07-08,SEA,0.0,189
2018-07-09,SEA,0.0,190
2018-07-10,SEA,0.0,191
2018-07-11,SEA,0.0,192
2018-07-12,SEA,0.0,193
2018-07-13,SEA,0.0,194
2018-07-14,SEA,0.0,195
2018-07-15,SEA,0.0,196
2018-07-16,SEA,0.0,197
2018-07-17,SEA,0.0,198
2018-07-18,SEA,0.0,199
2018-07-19,SEA,0.0,200
2018-07-20,SEA,0.0,201
2018-07-21,SEA,0.0,202
2018-07-22,SEA,0.0,203
2018-07-23,SEA,0.0,204
2018-07-24,SEA,0.0,205
2018-07-25,SEA,0.0,206
2018-07-26,SEA,0.0,207
2018-07-27,SEA,0.0,208
2018-07-28,SEA,0.0,209
2018-07-29,SEA,0.0,210
2018-07-30,SEA,0.0,211
2018-07-31,SEA,0.0,212
2018-08-01,SEA,0.0,213
2018-08-02,SEA,0.0,214
2018-08-03,SEA,0.04,215
2018-08-04,SEA,0.01,216
2018-08-05,SEA,0.0,217
2018-08-06,SEA,0.0,218
2018-08-07,SEA,0.0,219
2018-08-08,SEA,0.0,220
2018-08-09,SEA,0.0,221
2018-08-10,SEA,0.0,222
2018-08-11,SEA,0.0,223
2018-08-12,SEA,0.01,224
2018-08-13,SEA,0.0,225
2018-08-14,SEA,0.0,226
2018-08-15,SEA,0.0,227
2018-08-16,SEA,0.0,228
2018-08-17,SEA,0.0,229
2018-08-18,SEA,0.0,230
2018-08-19,SEA,0.0,231
2018-08-20,SEA,0.0,232
2018-08-21,SEA,0.0,233
2018-08-22,SEA,0.0,234
2018-08-23,SEA,0.0,235
2018-08-24,SEA,0.0,236
2018-08-25,SEA,0.0,237
2018-08-26,SEA,0.01,238
2018-08-27,SEA,0.27,239
2018-08-28,SEA,0.0,240
2018-08-29,SEA,0.0,241
2018-08-30,SEA,0.0,242
2018-08-31,SEA,0.25,243
2018-09-01,SEA,0.0,244
2018-09-02,SEA,0.0,245
2018-09-03,SEA,0.0,246
2018-09-04,SEA,0.0,247
2018-09-05,SEA,0.0,248
2018-09-06,SEA,0.0,249
2018-09-07,SEA,0.0,250
2018-09-08,SEA,0.14,251
2018-09-09,SEA,0.0,252
2018-09-10,SEA,0.17,253
2018-09-11,SEA,0.01,254
2018-09-12,SEA,0.0,255
2018-09-13,SEA,0.0,256
2018-09-14,SEA,0.1,257
2018-09-15,SEA,0.08,258
2018-09-16,SEA,0.28,259
2018-09-17,SEA,0.05,260
2018-09-18,SEA,0.0,261
2018-09-19,SEA,0.0,262
2018-09-20,SEA,0.03,263
2018-09-21,SEA,0.0,264
2018-09-22,SEA,0.006666666666666667,265
2018-09-23,SEA,0.01,266
2018-09-24,SEA,0.0,267
2018-09-25,SEA,0.0,268
2018-09-26,SEA,0.0,269
2018-09-27,SEA,0.0,270
2018-09-28,SEA,0.0,271
2018-09-29,SEA,0.0,272
2018-09-30,SEA,0.1,273
2018-10-01,SEA,0.01,274
2018-10-02,SEA,0.27,275
2018-10-03,SEA,0.07,276
2018-10-04,SEA,0.0,277
2018-10-05,SEA,0.0,278
2018-10-06,SEA,0.31,279
2018-10-07,SEA,0.0,280
2018-10-08,SEA,0.13,281
2018-10-09,SEA,0.38,282
2018-10-10,SEA,0.02,283
2018-10-11,SEA,0.0,284
2018-10-12,SEA,0.0,285
2018-10-13,SEA,0.0,286
2018-10-14,SEA,0.0,287
2018-10-15,SEA,0.0,288
2018-10-16,SEA,0.0,289
2018-10-17,SEA,0.0,290
2018-10-18,SEA,0.0,291
2018-10-19,SEA,0.0,292
2018-10-20,SEA,0.0,293
2018-10-21,SEA,0.0,294
2018-10-22,SEA,0.01,295
2018-10-23,SEA,0.01,296
2018-10-24,SEA,0.04,297
2018-10-25,SEA,0.0,298
2018-10-26,SEA,0.82,299
2018-10-27,SEA,0.02,300
2018-10-28,SEA,1.25,301
2018-10-29,SEA,0.14,302
2018-10-30,SEA,0.01,303
2018-10-31,SEA,0.1,304
2018-11-01,SEA,0.03,305
2018-11-02,SEA,0.1,306
2018-11-03,SEA,0.10250000000000001,307
2018-11-04,SEA,0.26749999999999996,308
2018-11-05,SEA,0.34249999999999997,309
2018-11-06,SEA,0.28500000000000003,310
2018-11-07,SEA,0.25,311
2018-11-08,SEA,0.1275,312
2018-11-09,SEA,0.11,313
2018-11-10,SEA,0.1475,314
2018-11-11,SEA,0.0625,315
2018-11-12,SEA,0.0,316
2018-11-13,SEA,0.0,317
2018-11-14,SEA,0.12,318
2018-11-15,SEA,0.08,319
2018-11-16,SEA,0.04,320
2018-11-17,SEA,0.0,321
2018-11-18,SEA,0.0,322
2018-11-19,SEA,0.0,323
2018-11-20,SEA,0.0,324
2018-11-21,SEA,0.0,325
2018-11-22,SEA,0.29,326
2018-11-23,SEA,0.78,327
2018-11-24,SEA,0.08,328
2018-11-25,SEA,0.0,329
2018-11-26,SEA,0.32,330
2018-11-27,SEA,1.56,331
2018-11-28,SEA,0.45,332
2018-11-29,SEA,0.15,333
2018-11-30,SEA,0.01,334
2018-12-01,SEA,0.18,335
2018-12-02,SEA,0.29,336
2018-12-03,SEA,0.02,337
2018-12-04,SEA,0.0,338
2018-12-05,SEA,0.0,339
2018-12-06,SEA,0.0,340
2018-12-07,SEA,0.0,341
2018-12-08,SEA,0.01,342
2018-12-09,SEA,0.0,343
2018-12-10,SEA,0.56,344
2018-12-11,SEA,0.14,345
2018-12-12,SEA,0.37,346
2018-12-13,SEA,0.15,347
2018-12-14,SEA,0.18,348
2018-12-15,SEA,0.05,349
2018-12-16,SEA,0.38,350
2018-12-17,SEA,0.3,351
2018-12-18,SEA,0.83,352
2018-12-19,SEA,0.27,353
2018-12-20,SEA,0.18,354
2018-12-21,SEA,0.16,355
2018-12-22,SEA,0.01,356
2018-12-23,SEA,0.83,357
2018-12-24,SEA,0.05,358
2018-12-25,SEA,0.02,359
2018-12-26,SEA,0.03,360
2018-12-27,SEA,0.12,361
2018-12-28,SEA,0.07,362
2018-12-29,SEA,0.32,363
2018-12-30,SEA,0.44,364
2018-12-31,SEA,0.01,365
2019-01-01,SEA,0.0,1
2019-01-02,SEA,0.0,2
2019-01-03,SEA,0.42,3
2019-01-04,SEA,0.55,4
2019-01-05,SEA,0.24666666666666667,5
2019-01-06,SEA,0.8133333333333334,6
2019-01-07,SEA,0.6074999999999999,7
2019-01-08,SEA,0.02,8
2019-01-09,SEA,0.35,9
2019-01-10,SEA,0.32,10
2019-01-11,SEA,0.03,11
2019-01-12,SEA,0.0,12
2019-01-13,SEA,0.0,13
2019-01-14,SEA,0.0,14
2019-01-15,SEA,0.0,15
2019-01-16,SEA,0.0,16
2019-01-17,SEA,0.12,17
2019-01-18,SEA,0.15,18
2019-01-19,SEA,0.28,19
2019-01-20,SEA,0.04,20
2019-01-21,SEA,0.0,21
2019-01-22,SEA,0.01,22
2019-01-23,SEA,0.7,23
2019-01-24,SEA,0.29333333333333333,24
2019-01-25,SEA,0.18666666666666668,25
2019-01-26,SEA,0.02,26
2019-01-27,SEA,0.0,27
2019-01-28,SEA,0.0,28
2019-01-29,SEA,0.0,29
2019-01-30,SEA,0.0,30
2019-01-31,SEA,0.0,31
2019-02-01,SEA,0.16,32
2019-02-02,SEA,0.35,33
2019-02-03,SEA,0.04,34
2019-02-04,SEA,0.35,35
2019-02-05,SEA,0.02,36
2019-02-06,SEA,0.0,37
2019-02-07,SEA,0.0,38
2019-02-08,SEA,0.0,39
2019-02-09,SEA,1.12,40
2019-02-10,SEA,0.0,41
2019-02-11,SEA,0.7,42
2019-02-12,SEA,1.02,43
2019-02-13,SEA,0.15,44
2019-02-14,SEA,0.0,45
2019-02-15,SEA,0.19,46
2019-02-16,SEA,0.02,47
2019-02-17,SEA,0.39,48
2019-02-18,SEA,0.02,49
2019-02-19,SEA,0.07,50
2019-02-20,SEA,0.27,51
2019-02-21,SEA,0.03,52
2019-02-22,SEA,0.0,53
2019-02-23,SEA,0.0,54
2019-02-24,SEA,0.095,55
2019-02-25,SEA,0.07,56
2019-02-26,SEA,0.005,57
2019-02-27,SEA,0.25333333333333335,58
2019-02-28,SEA,0.6366666666666666,59
2019-03-01,SEA,0.0,60
2019-03-02,SEA,0.0,61
2019-03-03,SEA,0.0,62
2019-03-04,SEA,0.0,63
2019-03-05,SEA,0.0,64
2019-03-06,SEA,0.0,65
2019-03-07,SEA,0.27,66
2019-03-08,SEA,0.03,67
2019-03-09,SEA,0.08,68
2019-03-10,SEA,0.0,69
2019-03-11,SEA,0.0,70
2019-03-12,SEA,0.76,71
2019-03-13,SEA,0.19,72
2019-03-14,SEA,0.0,73
2019-03-15,SEA,0.0,74
2019-03-16,SEA,0.0,75
2019-03-17,SEA,0.0,76
2019-03-18,SEA,0.0,77
2019-03-19,SEA,0.0,78
2019-03-20,SEA,0.0,79
2019-03-21,SEA,0.0,80
2019-03-22,SEA,0.0,81
2019-03-23,SEA,0.01,82
2019-03-24,SEA,0.0,83
2019-03-25,SEA,0.0,84
2019-03-26,SEA,0.21,85
2019-03-27,SEA,0.0,86
2019-03-28,SEA,0.0,87
2019-03-29,SEA,0.0,88
2019-03-30,SEA,0.0,89
2019-03-31,SEA,0.0,90
2019-04-01,SEA,0.0,91
2019-04-02,SEA,0.0,92
2019-04-03,SEA,0.02,93
2019-04-04,SEA,0.01,94
2019-04-05,SEA,0.21,95
2019-04-06,SEA,0.055,96
2019-04-07,SEA,0.1075,97
2019-04-08,SEA,0.18250000000000002,98
2019-04-09,SEA,0.22,99
2019-04-10,SEA,0.02,100
2019-04-11,SEA,0.32,101
2019-04-12,SEA,0.44,102
2019-04-13,SEA,0.04,103
2019-04-14,SEA,0.05,104
2019-04-15,SEA,0.02,105
2019-04-16,SEA,0.0,106
2019-04-17,SEA,0.17,107
2019-04-18,SEA,0.1,108
2019-04-19,SEA,0.07,109
2019-04-20,SEA,0.03,110
2019-04-21,SEA,0.17,111
2019-04-22,SEA,0.04,112
2019-04-23,SEA,0.07,113
2019-04-24,SEA,0.02,114
2019-04-25,SEA,0.0,115
2019-04-26,SEA,0.0,116
2019-04-27,SEA,0.0,117
2019-04-28,SEA,0.02,118
2019-04-29,SEA,0.0,119
2019-04-30,SEA,0.0,120
2019-05-01,SEA,0.0,121
2019-05-02,SEA,0.0,122
2019-05-03,SEA,0.0,123
2019-05-04,SEA,0.0,124
2019-05-05,SEA,0.0,125
2019-05-06,SEA,0.0,126
2019-05-07,SEA,0.0,127
2019-05-08,SEA,0.0,128
2019-05-09,SEA,0.0,129
2019-05-10,SEA,0.0,130
2019-05-11,SEA,0.0,131
2019-05-12,SEA,0.0,132
2019-05-13,SEA,0.0,133
2019-05-14,SEA,0.01,134
2019-05-15,SEA,0.14,135
2019-05-16,SEA,0.06,136
2019-05-17,SEA,0.6,137
2019-05-18,SEA,0.01,138
2019-05-19,SEA,0.01,139
2019-05-20,SEA,0.04,140
2019-05-21,SEA,0.15,141
2019-05-22,SEA,0.01,142
2019-05-23,SEA,0.0,143
2019-05-24,SEA,0.0,144
2019-05-25,SEA,0.0,145
2019-05-26,SEA,0.44,146
2019-05-27,SEA,0.01,147
2019-05-28,SEA,0.0,148
2019-05-29,SEA,0.0,149
2019-05-30,SEA,0.0,150
2019-05-31,SEA,0.0,151
2019-06-01,SEA,0.0,152
2019-06-02,SEA,0.0,153
2019-06-03,SEA,0.0,154
2019-06-04,SEA,0.0,155
2019-06-05,SEA,0.0,156
2019-06-06,SEA,0.0,157
2019-06-07,SEA,0.02,158
2019-06-08,SEA,0.1,159
2019-06-09,SEA,0.0,160
2019-06-10,SEA,0.0,161
2019-06-11,SEA,0.0,162
2019-06-12,SEA,0.0,163
2019-06-13,SEA,0.0,164
2019-06-14,SEA,0.0,165
2019-06-15,SEA,0.0,166
2019-06-16,SEA,0.0,167
2019-06-17,SEA,0.0,168
2019-06-18,SEA,0.12,169
2019-06-19,SEA,0.03,170
2019-06-20,SEA,0.31,171
2019-06-21,SEA,0.0025,172
2019-06-22,SEA,0.0225,173
2019-06-23,SEA,0.08,174
2019-06-24,SEA,0.02,175
2019-06-25,SEA,0.02,176
2019-06-26,SEA,0.0,177
2019-06-27,SEA,0.0,178
2019-06-28,SEA,0.0025,179
2019-06-29,SEA,0.135,180
2019-06-30,SEA,0.0025,181
2019-07-01,SEA,0.015000000000000001,182
2019-07-02,SEA,0.02,183
2019-07-03,SEA,0.0125,184
2019-07-04,SEA,0.0325,185
2019-07-05,SEA,0.0125,186
2019-07-06,SEA,0.015,187
2019-07-07,SEA,0.01,188
2019-07-08,SEA,0.15,189
2019-07-09,SEA,0.01,190
2019-07-10,SEA,0.22,191
2019-07-11,SEA,0.13,192
2019-07-12,SEA,0.01,193
2019-07-13,SEA,0.0,194
2019-07-14,SEA,0.0,195
2019-07-15,SEA,0.0,196
2019-07-16,SEA,0.07,197
2019-07-17,SEA,0.02,198
2019-07-18,SEA,0.13,199
2019-07-19,SEA,0.62,200
2019-07-20,SEA,0.02,201
2019-07-21,SEA,0.0,202
2019-07-22,SEA,0.0,203
2019-07-23,SEA,0.0,204
2019-07-24,SEA,0.0,205
2019-07-25,SEA,0.0,206
2019-07-26,SEA,0.0,207
2019-07-27,SEA,0.0,208
2019-07-28,SEA,0.0,209
2019-07-29,SEA,0.0,210
2019-07-30,SEA,0.0,211
2019-07-31,SEA,0.0,212
2019-08-01,SEA,0.0,213
2019-08-02,SEA,0.25,214
2019-08-03,SEA,0.0,215
2019-08-04,SEA,0.0,216
2019-08-05,SEA,0.0,217
2019-08-06,SEA,0.0,218
2019-08-07,SEA,0.0,219
2019-08-08,SEA,0.0,220
2019-08-09,SEA,0.0,221
2019-08-10,SEA,0.47,222
2019-08-11,SEA,0.18,223
2019-08-12,SEA,0.01,224
2019-08-13,SEA,0.0,225
2019-08-14,SEA,0.0,226
2019-08-15,SEA,0.0,227
2019-08-16,SEA,0.0,228
2019-08-17,SEA,0.0,229
2019-08-18,SEA,0.0,230
2019-08-19,SEA,0.0033333333333333335,231
2019-08-20,SEA,0.016666666666666666,232
2019-08-21,SEA,0.013333333333333334,233
2019-08-22,SEA,0.13,234
2019-08-23,SEA,0.0,235
2019-08-24,SEA,0.0,236
2019-08-25,SEA,0.0,237
2019-08-26,SEA,0.0,238
2019-08-27,SEA,0.0,239
2019-08-28,SEA,0.0,240
2019-08-29,SEA,0.0,241
2019-08-30,SEA,0.22,242
2019-08-31,SEA,0.01,243
2019-09-01,SEA,0.0,244
2019-09-02,SEA,0.0,245
2019-09-03,SEA,0.0,246
2019-09-04,SEA,0.0,247
2019-09-05,SEA,0.0,248
2019-09-06,SEA,0.0,249
2019-09-07,SEA,0.0,250
2019-09-08,SEA,0.61,251
2019-09-09,SEA,0.1,252
2019-09-10,SEA,0.55,253
2019-09-11,SEA,0.02,254
2019-09-12,SEA,0.0,255
2019-09-13,SEA,0.21,256
2019-09-14,SEA,0.01,257
2019-09-15,SEA,0.35,258
2019-09-16,SEA,0.19,259
2019-09-17,SEA,0.04,260
2019-09-18,SEA,0.32,261
2019-09-19,SEA,0.0,262
2019-09-20,SEA,0.02,263
2019-09-21,SEA,0.0,264
2019-09-22,SEA,0.02,265
2019-09-23,SEA,0.32,266
2019-09-24,SEA,0.16,267
2019-09-25,SEA,0.0,268
2019-09-26,SEA,0.04,269
2019-09-27,SEA,0.31,270
2019-09-28,SEA,0.23,271
2019-09-29,SEA,0.25,272
2019-09-30,SEA,0.03,273
2019-10-01,SEA,0.0,274
2019-10-02,SEA,0.0,275
2019-10-03,SEA,0.02,276
2019-10-04,SEA,0.08,277
2019-10-05,SEA,0.01,278
2019-10-06,SEA,0.0,279
2019-10-07,SEA,0.0,280
2019-10-08,SEA,0.0,281
2019-10-09,SEA,0.2,282
2019-10-10,SEA,0.0,283
2019-10-11,SEA,0.0,284
2019-10-12,SEA,0.0,285
2019-10-13,SEA,0.0,286
2019-10-14,SEA,0.0,287
2019-10-15,SEA,0.0,288
2019-10-16,SEA,0.13,289
2019-10-17,SEA,0.26,290
2019-10-18,SEA,0.11,291
2019-10-19,SEA,0.96,292
2019-10-20,SEA,0.18,293
2019-10-21,SEA,0.27,294
2019-10-22,SEA,0.22,295
2019-10-23,SEA,0.06,296
2019-10-24,SEA,0.02,297
2019-10-25,SEA,0.0,298
2019-10-26,SEA,0.31,299
2019-10-27,SEA,0.03,300
2019-10-28,SEA,0.0,301
2019-10-29,SEA,0.0,302
2019-10-30,SEA,0.0,303
2019-10-31,SEA,0.0,304
2019-11-01,SEA,0.0,305
2019-11-02,SEA,0.0,306
2019-11-03,SEA,0.0,307
2019-11-04,SEA,0.0,308
2019-11-05,SEA,0.0,309
2019-11-06,SEA,0.0,310
2019-11-07,SEA,0.0,311
2019-11-08,SEA,0.0,312
2019-11-09,SEA,0.1,313
2019-11-10,SEA,0.21,314
2019-11-11,SEA,0.0,315
2019-11-12,SEA,0.25,316
2019-11-13,SEA,0.04,317
2019-11-14,SEA,0.0,318
2019-11-15,SEA,0.19,319
2019-11-16,SEA,0.02,320
2019-11-17,SEA,0.11,321
2019-11-18,SEA,0.22,322
2019-11-19,SEA,0.73,323
2019-11-20,SEA,0.03,324
2019-11-21,SEA,0.0,325
2019-11-22,SEA,0.0,326
2019-11-23,SEA,0.5725,327
2019-11-24,SEA,0.07500000000000001,328
2019-11-25,SEA,0.1275,329
2019-11-26,SEA,0.4325,330
2019-11-27,SEA,0.47500000000000003,331
2019-11-28,SEA,0.2425,332
2019-11-29,SEA,0.1,333
2019-11-30,SEA,0.34,334
2019-12-01,SEA,0.0,335
2019-12-02,SEA,0.03,336
2019-12-03,SEA,0.0,337
2019-12-04,SEA,0.02,338
2019-12-05,SEA,0.03,339
2019-12-06,SEA,0.0,340
2019-12-07,SEA,0.3,341
2019-12-08,SEA,0.17,342
2019-12-09,SEA,0.02,343
2019-12-10,SEA,0.0,344
2019-12-11,SEA,0.17,345
2019-12-12,SEA,0.43,346
2019-12-13,SEA,0.09,347
2019-12-14,SEA,0.03,348
2019-12-15,SEA,0.36,349
2019-12-16,SEA,0.08,350
2019-12-17,SEA,0.02,351
2019-12-18,SEA,0.0,352
2019-12-19,SEA,0.35,353
2019-12-20,SEA,1.9,354
2019-12-21,SEA,2.6,355
2019-12-22,SEA,0.33,356
2019-12-23,SEA,0.4,357
2019-12-24,SEA,0.05,358
2019-12-25,SEA,0.02,359
2019-12-26,SEA,0.0,360
2019-12-27,SEA,0.03,361
2019-12-28,SEA,0.0,362
2019-12-29,SEA,0.02,363
2019-12-30,SEA,0.07,364
2019-12-31,SEA,0.03,365
2020-01-01,SEA,0.15,1
2020-01-02,SEA,0.33,2
2020-01-03,SEA,0.19,3
2020-01-04,SEA,0.37,4
2020-01-05,SEA,0.24666666666666667,5
2020-01-06,SEA,0.8133333333333334,6
2020-01-07,SEA,0.48,7
2020-01-08,SEA,0.05,8
2020-01-09,SEA,0.04,9
2020-01-10,SEA,0.15,10
2020-01-11,SEA,0.43,11
2020-01-12,SEA,0.12,12
2020-01-13,SEA,0.11,13
2020-01-14,SEA,0.19,14
2020-01-15,SEA,0.01,15
2020-01-16,SEA,0.07,16
2020-01-17,SEA,0.01,17
2020-01-18,SEA,0.45,18
2020-01-19,SEA,0.04,19
2020-01-20,SEA,0.08,20
2020-01-21,SEA,0.22,21
2020-01-22,SEA,0.76,22
2020-01-23,SEA,0.45,23
2020-01-24,SEA,0.8,24
2020-01-25,SEA,0.4,25
2020-01-26,SEA,0.26,26
2020-01-27,SEA,0.17,27
2020-01-28,SEA,0.98,28
2020-01-29,SEA,0.05,29
2020-01-30,SEA,0.2,30
2020-01-31,SEA,0.22,31
2020-02-01,SEA,1.44,32
2020-02-02,SEA,0.01,33
2020-02-03,SEA,0.03,34
2020-02-04,SEA,0.01,35
2020-02-05,SEA,0.69,36
2020-02-06,SEA,1.34,37
2020-02-07,SEA,0.58,38
2020-02-08,SEA,0.2,39
2020-02-09,SEA,0.03,40
2020-02-10,SEA,0.0,41
2020-02-11,SEA,0.0,42
2020-02-12,SEA,0.03,43
2020-02-13,SEA,0.0,44
2020-02-14,SEA,0.1,45
2020-02-15,SEA,0.07,46
2020-02-16,SEA,0.056666666666666664,47
2020-02-17,SEA,0.1366666666666667,48
2020-02-18,SEA,0.006666666666666667,49
2020-02-19,SEA,0.06,50
2020-02-20,SEA,0.20500000000000002,51
2020-02-21,SEA,0.11,52
2020-02-22,SEA,0.03,53
2020-02-23,SEA,0.0,54
2020-02-24,SEA,0.095,55
2020-02-25,SEA,0.07,56
2020-02-26,SEA,0.005,57
2020-02-27,SEA,0.01,58
2020-02-28,SEA,0.0,59
2020-02-29,SEA,0.12,60
2020-03-01,SEA,0.01,61
2020-03-02,SEA,0.02,62
2020-03-03,SEA,0.12,63
2020-03-04,SEA,0.01,64
2020-03-05,SEA,0.0,65
2020-03-06,SEA,0.71,66
2020-03-07,SEA,0.12,67
2020-03-08,SEA,0.23,68
2020-03-09,SEA,0.02,69
2020-03-10,SEA,0.0,70
2020-03-11,SEA,0.07,71
2020-03-12,SEA,0.02,72
2020-03-13,SEA,0.1,73
2020-03-14,SEA,0.29,74
2020-03-15,SEA,0.0,75
2020-03-16,SEA,0.0,76
2020-03-17,SEA,0.0,77
2020-03-18,SEA,0.0,78
2020-03-19,SEA,0.0,79
2020-03-20,SEA,0.0,80
2020-03-21,SEA,0.0,81
2020-03-22,SEA,0.0,82
2020-03-23,SEA,0.0,83
2020-03-24,SEA,0.0,84
2020-03-25,SEA,0.34,85
2020-03-26,SEA,0.03,86
2020-03-27,SEA,0.02,87
2020-03-28,SEA,0.03,88
2020-03-29,SEA,0.64,89
2020-03-30,SEA,0.35,90
2020-03-31,SEA,0.49,91
2020-04-01,SEA,0.1,92
2020-04-02,SEA,0.01,93
2020-04-03,SEA,0.0,94
2020-04-04,SEA,0.02,95
2020-04-05,SEA,0.0,96
2020-04-06,SEA,0.0,97
2020-04-07,SEA,0.0,98
2020-04-08,SEA,0.0,99
2020-04-09,SEA,0.0,100
2020-04-10,SEA,0.0,101
2020-04-11,SEA,0.0,102
2020-04-12,SEA,0.0,103
2020-04-13,SEA,0.0,104
2020-04-14,SEA,0.0,105
2020-04-15,SEA,0.0,106
2020-04-16,SEA,0.0,107
2020-04-17,SEA,0.0,108
2020-04-18,SEA,0.02,109
2020-04-19,SEA,0.05,110
2020-04-20,SEA,0.0,111
2020-04-21,SEA,0.0,112
2020-04-22,SEA,0.03,113
2020-04-23,SEA,0.82,114
2020-04-24,SEA,0.11,115
2020-04-25,SEA,0.12,116
2020-04-26,SEA,0.2,117
2020-04-27,SEA,0.19,118
2020-04-28,SEA,0.01,119
2020-04-29,SEA,0.01,120
2020-04-30,SEA,0.04,121
2020-05-01,SEA,0.01,122
2020-05-02,SEA,0.06,123
2020-05-03,SEA,0.19,124
2020-05-04,SEA,0.0,125
2020-05-05,SEA,0.0,126
2020-05-06,SEA,0.01,127
2020-05-07,SEA,0.02,128
2020-05-08,SEA,0.0,129
2020-05-09,SEA,0.0,130
2020-05-10,SEA,0.0,131
2020-05-11,SEA,0.0,132
2020-05-12,SEA,0.06,133
2020-05-13,SEA,0.03,134
2020-05-14,SEA,0.06,135
2020-05-15,SEA,0.13,136
2020-05-16,SEA,0.02,137
2020-05-17,SEA,0.66,138
2020-05-18,SEA,0.02,139
2020-05-19,SEA,0.0,140
2020-05-20,SEA,0.0,141
2020-05-21,SEA,0.32,142
2020-05-22,SEA,0.17,143
2020-05-23,SEA,0.45,144
2020-05-24,SEA,0.0,145
2020-05-25,SEA,0.06,146
2020-05-26,SEA,0.1,147
2020-05-27,SEA,0.02,148
2020-05-28,SEA,0.0,149
2020-05-29,SEA,0.0,150
2020-05-30,SEA,0.0,151
2020-05-31,SEA,1.29,152
2020-06-01,SEA,0.04,153
2020-06-02,SEA,0.0,154
2020-06-03,SEA,0.02,155
2020-06-04,SEA,0.0,156
2020-06-05,SEA,0.0,157
2020-06-06,SEA,0.0,158
2020-06-07,SEA,0.04,159
2020-06-08,SEA,0.05,160
2020-06-09,SEA,0.1,161
2020-06-10,SEA,0.21,162
2020-06-11,SEA,0.03,163
2020-06-12,SEA,0.17,164
2020-06-13,SEA,0.25,165
2020-06-14,SEA,0.04,166
2020-06-15,SEA,0.08,167
2020-06-16,SEA,0.09,168
2020-06-17,SEA,0.01,169
2020-06-18,SEA,0.0,170
2020-06-19,SEA,0.0,171
2020-06-20,SEA,0.01,172
2020-06-21,SEA,0.06,173
2020-06-22,SEA,0.0,174
2020-06-23,SEA,0.0,175
2020-06-24,SEA,0.0,176
2020-06-25,SEA,0.0,177
2020-06-26,SEA,0.0,178
2020-06-27,SEA,0.01,179
2020-06-28,SEA,0.54,180
2020-06-29,SEA,0.01,181
2020-06-30,SEA,0.04,182
2020-07-01,SEA,0.07,183
2020-07-02,SEA,0.03,184
2020-07-03,SEA,0.01,185
2020-07-04,SEA,0.0,186
2020-07-05,SEA,0.0,187
2020-07-06,SEA,0.0,188
2020-07-07,SEA,0.0,189
2020-07-08,SEA,0.0,190
2020-07-09,SEA,0.01,191
2020-07-10,SEA,0.01,192
2020-07-11,SEA,0.01,193
2020-07-12,SEA,0.03,194
2020-07-13,SEA,0.05,195
2020-07-14,SEA,0.0,196
2020-07-15,SEA,0.0,197
2020-07-16,SEA,0.0,198
2020-07-17,SEA,0.04,199
2020-07-18,SEA,0.02,200
2020-07-19,SEA,0.0,201
2020-07-20,SEA,0.0,202
2020-07-21,SEA,0.0,203
2020-07-22,SEA,0.03,204
2020-07-23,SEA,0.0,205
2020-07-24,SEA,0.0,206
2020-07-25,SEA,0.0,207
2020-07-26,SEA,0.0,208
2020-07-27,SEA,0.0,209
2020-07-28,SEA,0.0,210
2020-07-29,SEA,0.0,211
2020-07-30,SEA,0.0,212
2020-07-31,SEA,0.0,213
2020-08-01,SEA,0.0,214
2020-08-02,SEA,0.0,215
2020-08-03,SEA,0.0,216
2020-08-04,SEA,0.0,217
2020-08-05,SEA,0.0,218
2020-08-06,SEA,0.05,219
2020-08-07,SEA,0.28,220
2020-08-08,SEA,0.02,221
2020-08-09,SEA,0.03,222
2020-08-10,SEA,0.0,223
2020-08-11,SEA,0.0,224
2020-08-12,SEA,0.0,225
2020-08-13,SEA,0.0,226
2020-08-14,SEA,0.0,227
2020-08-15,SEA,0.0,228
2020-08-16,SEA,0.0,229
2020-08-17,SEA,0.0,230
2020-08-18,SEA,0.0,231
2020-08-19,SEA,0.0,232
2020-08-20,SEA,0.04,233
2020-08-21,SEA,0.05,234
2020-08-22,SEA,0.03,235
2020-08-23,SEA,0.0,236
2020-08-24,SEA,0.0,237
2020-08-25,SEA,0.0,238
2020-08-26,SEA,0.0,239
2020-08-27,SEA,0.0,240
2020-08-28,SEA,0.0,241
2020-08-29,SEA,0.0,242
2020-08-30,SEA,0.0,243
2020-08-31,SEA,0.02,244
2020-09-01,SEA,0.0,245
2020-09-02,SEA,0.0,246
2020-09-03,SEA,0.0,247
2020-09-04,SEA,0.0,248
2020-09-05,SEA,0.0,249
2020-09-06,SEA,0.0,250
2020-09-07,SEA,0.0,251
2020-09-08,SEA,0.0,252
2020-09-09,SEA,0.0,253
2020-09-10,SEA,0.0,254
2020-09-11,SEA,0.0,255
2020-09-12,SEA,0.0,256
2020-09-13,SEA,0.0,257
2020-09-14,SEA,0.0,258
2020-09-15,SEA,0.1,259
2020-09-16,SEA,0.02,260
2020-09-17,SEA,0.0,261
2020-09-18,SEA,0.0,262
2020-09-19,SEA,0.045,263
2020-09-20,SEA,0.0,264
2020-09-21,SEA,0.006666666666666667,265
2020-09-22,SEA,0.0825,266
2020-09-23,SEA,0.04,267
2020-09-24,SEA,0.0,268
2020-09-25,SEA,0.01,269
2020-09-26,SEA,0.255,270
2020-09-27,SEA,0.14250000000000002,271
2020-09-28,SEA,0.075,272
2020-09-29,SEA,0.0,273
2020-09-30,SEA,0.0,274
2020-10-01,SEA,0.0,275
2020-10-02,SEA,0.0,276
2020-10-03,SEA,0.01,277
2020-10-04,SEA,0.06,278
2020-10-05,SEA,0.02,279
2020-10-06,SEA,0.0,280
2020-10-07,SEA,0.0,281
2020-10-08,SEA,0.02,282
2020-10-09,SEA,0.0,283
2020-10-10,SEA,0.99,284
2020-10-11,SEA,0.03,285
2020-10-12,SEA,0.58,286
2020-10-13,SEA,0.61,287
2020-10-14,SEA,0.02,288
2020-10-15,SEA,0.0,289
2020-10-16,SEA,0.0,290
2020-10-17,SEA,0.24,291
2020-10-18,SEA,0.02,292
2020-10-19,SEA,0.14,293
2020-10-20,SEA,0.23,294
2020-10-21,SEA,0.12,295
2020-10-22,SEA,0.43,296
2020-10-23,SEA,0.05,297
2020-10-24,SEA,0.12,298
2020-10-25,SEA,0.02,299
2020-10-26,SEA,0.01,300
2020-10-27,SEA,0.0,301
2020-10-28,SEA,0.0,302
2020-10-29,SEA,0.03,303
2020-10-30,SEA,0.03,304
2020-10-31,SEA,0.0,305
2020-11-01,SEA,0.0,306
2020-11-02,SEA,0.0,307
2020-11-03,SEA,0.09,308
2020-11-04,SEA,0.78,309
2020-11-05,SEA,0.2,310
2020-11-06,SEA,0.15,311
2020-11-07,SEA,0.03,312
2020-11-08,SEA,0.02,313
2020-11-09,SEA,0.0,314
2020-11-10,SEA,0.11,315
2020-11-11,SEA,0.03,316
2020-11-12,SEA,0.0,317
2020-11-13,SEA,0.96,318
2020-11-14,SEA,0.02,319
2020-11-15,SEA,0.46,320
2020-11-16,SEA,0.06,321
2020-11-17,SEA,0.64,322
2020-11-18,SEA,0.55,323
2020-11-19,SEA,0.29,324
2020-11-20,SEA,0.06,325
2020-11-21,SEA,0.03,326
2020-11-22,SEA,0.0,327
2020-11-23,SEA,0.2,328
2020-11-24,SEA,0.07,329
2020-11-25,SEA,0.16,330
2020-11-26,SEA,0.04,331
2020-11-27,SEA,0.03,332
2020-11-28,SEA,0.09,333
2020-11-29,SEA,0.05,334
2020-11-30,SEA,0.45,335
2020-12-01,SEA,0.0,336
2020-12-02,SEA,0.0,337
2020-12-03,SEA,0.0,338
2020-12-04,SEA,0.0,339
2020-12-05,SEA,0.0,340
2020-12-06,SEA,0.01,341
2020-12-07,SEA,0.0,342
2020-12-08,SEA,0.07,343
2020-12-09,SEA,0.58,344
2020-12-10,SEA,0.0,345
2020-12-11,SEA,0.03,346
2020-12-12,SEA,0.0,347
2020-12-13,SEA,0.07,348
2020-12-14,SEA,0.19,349
2020-12-15,SEA,0.24,350
2020-12-16,SEA,0.06,351
2020-12-17,SEA,0.52,352
2020-12-18,SEA,0.11,353
2020-12-19,SEA,0.08,354
2020-12-20,SEA,0.37,355
2020-12-21,SEA,0.64,356
2020-12-22,SEA,2.42,357
2020-12-23,SEA,0.0,358
2020-12-24,SEA,0.0,359
2020-12-25,SEA,0.03,360
2020-12-26,SEA,0.48,361
2020-12-27,SEA,0.11,362
2020-12-28,SEA,0.14,363
2020-12-29,SEA,0.03,364
2020-12-30,SEA,0.48,365
2020-12-31,SEA,0.5,366
2021-01-01,SEA,0.11,1
2021-01-02,SEA,0.42,2
2021-01-03,SEA,1.6,3
2021-01-04,SEA,0.65,4
2021-01-05,SEA,0.36,5
2021-01-06,SEA,1.05,6
2021-01-07,SEA,0.0,7
2021-01-08,SEA,0.1,8
2021-01-09,SEA,0.2,9
2021-01-10,SEA,0.1,10
2021-01-11,SEA,0.03,11
2021-01-12,SEA,1.72,12
2021-01-13,SEA,0.98,13
2021-01-14,SEA,0.0,14
2021-01-15,SEA,0.19,15
2021-01-16,SEA,0.02,16
2021-01-17,SEA,0.05,17
2021-01-18,SEA,0.0,18
2021-01-19,SEA,0.0,19
2021-01-20,SEA,0.0,20
2021-01-21,SEA,0.05,21
2021-01-22,SEA,0.02,22
2021-01-23,SEA,0.0,23
2021-01-24,SEA,0.08,24
2021-01-25,SEA,0.16,25
2021-01-26,SEA,0.0,26
2021-01-27,SEA,0.09,27
2021-01-28,SEA,0.21,28
2021-01-29,SEA,0.17,29
2021-01-30,SEA,0.12,30
2021-01-31,SEA,0.21,31
2021-02-01,SEA,0.47,32
2021-02-02,SEA,0.72,33
2021-02-03,SEA,0.42,34
2021-02-04,SEA,0.03,35
2021-02-05,SEA,0.11,36
2021-02-06,SEA,0.05,37
2021-02-07,SEA,0.07,38
2021-02-08,SEA,0.18,39
2021-02-09,SEA,0.02,40
2021-02-10,SEA,0.0,41
2021-02-11,SEA,0.0,42
2021-02-12,SEA,0.05,43
2021-02-13,SEA,0.93,44
2021-02-14,SEA,0.41,45
2021-02-15,SEA,0.6,46
2021-02-16,SEA,0.13,47
2021-02-17,SEA,0.02,48
2021-02-18,SEA,0.0,49
2021-02-19,SEA,0.08,50
2021-02-20,SEA,0.20500000000000002,51
2021-02-21,SEA,0.11,52
2021-02-22,SEA,0.03,53
2021-02-23,SEA,0.0,54
2021-02-24,SEA,0.19,55
2021-02-25,SEA,0.14,56
2021-02-26,SEA,0.01,57
2021-02-27,SEA,0.14,58
2021-02-28,SEA,0.02,59
2021-03-01,SEA,0.0,60
2021-03-02,SEA,0.01,61
2021-03-03,SEA,0.11333333333333334,62
2021-03-04,SEA,0.05333333333333334,63
2021-03-05,SEA,0.4,64
2021-03-06,SEA,0.0,65
2021-03-07,SEA,0.32666666666666666,66
2021-03-08,SEA,0.08666666666666667,67
2021-03-09,SEA,0.0,68
2021-03-10,SEA,0.0,69
2021-03-11,SEA,0.0,70
2021-03-12,SEA,0.0,71
2021-03-13,SEA,0.0,72
2021-03-14,SEA,0.0,73
2021-03-15,SEA,0.32,74
2021-03-16,SEA,0.0,75
2021-03-17,SEA,0.0,76
2021-03-18,SEA,0.0,77
2021-03-19,SEA,0.21,78
2021-03-20,SEA,0.0,79
2021-03-21,SEA,0.0,80
2021-03-22,SEA,0.32,81
2021-03-23,SEA,0.06,82
2021-03-24,SEA,0.21,83
2021-03-25,SEA,0.0,84
2021-03-26,SEA,0.18333333333333335,85
2021-03-27,SEA,0.01,86
2021-03-28,SEA,0.022500000000000003,87
2021-03-29,SEA,0.34,88
2021-03-30,SEA,0.01,89
2021-03-31,SEA,0.15,90
2021-04-01,SEA,0.125,91
2021-04-02,SEA,0.09,92
2021-04-03,SEA,0.0125,93
2021-04-04,SEA,0.2425,94
2021-04-05,SEA,0.1375,95
2021-04-06,SEA,0.0,96
2021-04-07,SEA,0.0,97
2021-04-08,SEA,0.13,98
2021-04-09,SEA,0.0,99
2021-04-10,SEA,0.02,100
2021-04-11,SEA,0.0,101
2021-04-12,SEA,0.0,102
2021-04-13,SEA,0.0,103
2021-04-14,SEA,0.0,104
2021-04-15,SEA,0.0,105
2021-04-16,SEA,0.0,106
2021-04-17,SEA,0.0,107
2021-04-18,SEA,0.0,108
2021-04-19,SEA,0.0,109
2021-04-20,SEA,0.0,110
2021-04-21,SEA,0.0,111
2021-04-22,SEA,0.0,112
2021-04-23,SEA,0.0,113
2021-04-24,SEA,0.08,114
2021-04-25,SEA,0.5,115
2021-04-26,SEA,0.15,116
2021-04-27,SEA,0.01,117
2021-04-28,SEA,0.0,118
2021-04-29,SEA,0.0,119
2021-04-30,SEA,0.1,120
2021-05-01,SEA,0.03,121
2021-05-02,SEA,0.01,122
2021-05-03,SEA,0.0,123
2021-05-04,SEA,0.29,124
2021-05-05,SEA,0.0,125
2021-05-06,SEA,0.0,126
2021-05-07,SEA,0.0,127
2021-05-08,SEA,0.17,128
2021-05-09,SEA,0.01,129
2021-05-10,SEA,0.0,130
2021-05-11,SEA,0.0,131
2021-05-12,SEA,0.0,132
2021-05-13,SEA,0.0,133
2021-05-14,SEA,0.0,134
2021-05-15,SEA,0.0,135
2021-05-16,SEA,0.0,136
2021-05-17,SEA,0.0,137
2021-05-18,SEA,0.05,138
2021-05-19,SEA,0.12,139
2021-05-20,SEA,0.01,140
2021-05-21,SEA,0.0,141
2021-05-22,SEA,0.0,142
2021-05-23,SEA,0.0,143
2021-05-24,SEA,0.07,144
2021-05-25,SEA,0.04,145
2021-05-26,SEA,0.01,146
2021-05-27,SEA,0.17,147
2021-05-28,SEA,0.19,148
2021-05-29,SEA,0.0,149
2021-05-30,SEA,0.0,150
2021-05-31,SEA,0.0,151
2021-06-01,SEA,0.0,152
2021-06-02,SEA,0.0,153
2021-06-03,SEA,0.0,154
2021-06-04,SEA,0.0,155
2021-06-05,SEA,0.05,156
2021-06-06,SEA,0.0,157
2021-06-07,SEA,0.73,158
2021-06-08,SEA,0.0,159
2021-06-09,SEA,0.0,160
2021-06-10,SEA,0.0,161
2021-06-11,SEA,0.0,162
2021-06-12,SEA,0.34,163
2021-06-13,SEA,0.34,164
2021-06-14,SEA,0.6,165
2021-06-15,SEA,0.07,166
2021-06-16,SEA,0.0,167
2021-06-17,SEA,0.0,168
2021-06-18,SEA,0.0,169
2021-06-19,SEA,0.0,170
2021-06-20,SEA,0.0,171
2021-06-21,SEA,0.0,172
2021-06-22,SEA,0.0,173
2021-06-23,SEA,0.0,174
2021-06-24,SEA,0.0,175
2021-06-25,SEA,0.0,176
2021-06-26,SEA,0.0,177
2021-06-27,SEA,0.0,178
2021-06-28,SEA,0.0,179
2021-06-29,SEA,0.0,180
2021-06-30,SEA,0.0,181
2021-07-01,SEA,0.0,182
2021-07-02,SEA,0.0,183
2021-07-03,SEA,0.0,184
2021-07-04,SEA,0.0,185
2021-07-05,SEA,0.0,186
2021-07-06,SEA,0.0,187
2021-07-07,SEA,0.0,188
2021-07-08,SEA,0.0,189
2021-07-09,SEA,0.0,190
2021-07-10,SEA,0.0,191
2021-07-11,SEA,0.0,192
2021-07-12,SEA,0.0,193
2021-07-13,SEA,0.0,194
2021-07-14,SEA,0.0,195
2021-07-15,SEA,0.0,196
2021-07-16,SEA,0.0,197
2021-07-17,SEA,0.0,198
2021-07-18,SEA,0.0,199
2021-07-19,SEA,0.0,200
2021-07-20,SEA,0.02,201
2021-07-21,SEA,0.0,202
2021-07-22,SEA,0.0,203
2021-07-23,SEA,0.0,204
2021-07-24,SEA,0.0,205
2021-07-25,SEA,0.0,206
2021-07-26,SEA,0.0,207
2021-07-27,SEA,0.0,208
2021-07-28,SEA,0.0,209
2021-07-29,SEA,0.0,210
2021-07-30,SEA,0.0,211
2021-07-31,SEA,0.0,212
2021-08-01,SEA,0.0,213
2021-08-02,SEA,0.0625,214
2021-08-03,SEA,0.0,215
2021-08-04,SEA,0.02,216
2021-08-05,SEA,0.0,217
2021-08-06,SEA,0.06,218
2021-08-07,SEA,0.01,219
2021-08-08,SEA,0.04,220
2021-08-09,SEA,0.01,221
2021-08-10,SEA,0.0,222
2021-08-11,SEA,0.0,223
2021-08-12,SEA,0.0,224
2021-08-13,SEA,0.0,225
2021-08-14,SEA,0.0,226
2021-08-15,SEA,0.0,227
2021-08-16,SEA,0.0,228
2021-08-17,SEA,0.0,229
2021-08-18,SEA,0.0,230
2021-08-19,SEA,0.0033333333333333335,231
2021-08-20,SEA,0.016666666666666666,232
2021-08-21,SEA,0.013333333333333334,233
2021-08-22,SEA,0.045,234
2021-08-23,SEA,0.0075,235
2021-08-24,SEA,0.0,236
2021-08-25,SEA,0.0,237
2021-08-26,SEA,0.0025,238
2021-08-27,SEA,0.08,239
2021-08-28,SEA,0.0,240
2021-08-29,SEA,0.0,241
2021-08-30,SEA,0.055,242
2021-08-31,SEA,0.02,243
2021-09-01,SEA,0.0,244
2021-09-02,SEA,0.0,245
2021-09-03,SEA,0.0,246
2021-09-04,SEA,0.0,247
2021-09-05,SEA,0.0,248
2021-09-06,SEA,0.02,249
2021-09-07,SEA,0.0,250
2021-09-08,SEA,0.01,251
2021-09-09,SEA,0.0,252
2021-09-10,SEA,0.0,253
2021-09-11,SEA,0.03,254
2021-09-12,SEA,0.03,255
2021-09-13,SEA,0.02,256
2021-09-14,SEA,0.0,257
2021-09-15,SEA,0.0,258
2021-09-16,SEA,0.0,259
2021-09-17,SEA,0.03,260
2021-09-18,SEA,0.85,261
2021-09-19,SEA,0.3,262
2021-09-20,SEA,0.13,263
2021-09-21,SEA,0.0,264
2021-09-22,SEA,0.0,265
2021-09-23,SEA,0.0,266
2021-09-24,SEA,0.0,267
2021-09-25,SEA,0.0,268
2021-09-26,SEA,0.0,269
2021-09-27,SEA,0.71,270
2021-09-28,SEA,0.34,271
2021-09-29,SEA,0.02,272
2021-09-30,SEA,0.22,273
2021-10-01,SEA,0.28,274
2021-10-02,SEA,0.0,275
2021-10-03,SEA,0.0,276
2021-10-04,SEA,0.0,277
2021-10-05,SEA,0.19,278
2021-10-06,SEA,0.13,279
2021-10-07,SEA,0.0,280
2021-10-08,SEA,0.0,281
2021-10-09,SEA,0.0,282
2021-10-10,SEA,0.14,283
2021-10-11,SEA,0.12,284
2021-10-12,SEA,0.0,285
2021-10-13,SEA,0.05,286
2021-10-14,SEA,0.06,287
2021-10-15,SEA,0.02,288
2021-10-16,SEA,0.02,289
2021-10-17,SEA,0.0,290
2021-10-18,SEA,0.02,291
2021-10-19,SEA,0.0,292
2021-10-20,SEA,0.19,293
2021-10-21,SEA,0.07,294
2021-10-22,SEA,0.64,295
2021-10-23,SEA,0.03,296
2021-10-24,SEA,0.19,297
2021-10-25,SEA,0.32,298
2021-10-26,SEA,0.14,299
2021-10-27,SEA,0.1,300
2021-10-28,SEA,0.49,301
2021-10-29,SEA,2.0,302
2021-10-30,SEA,0.08,303
2021-10-31,SEA,0.0,304
2021-11-01,SEA,0.0,305
2021-11-02,SEA,0.12,306
2021-11-03,SEA,0.18,307
2021-11-04,SEA,0.61,308
2021-11-05,SEA,0.57,309
2021-11-06,SEA,0.04,310
2021-11-07,SEA,0.64,311
2021-11-08,SEA,0.23,312
2021-11-09,SEA,0.31,313
2021-11-10,SEA,0.38,314
2021-11-11,SEA,0.14,315
2021-11-12,SEA,1.06,316
2021-11-13,SEA,0.4,317
2021-11-14,SEA,0.59,318
2021-11-15,SEA,0.59,319
2021-11-16,SEA,0.3,320
2021-11-17,SEA,0.02,321
2021-11-18,SEA,0.0,322
2021-11-19,SEA,0.52,323
2021-11-20,SEA,0.1,324
2021-11-21,SEA,0.0,325
2021-11-22,SEA,0.0,326
2021-11-23,SEA,0.53,327
2021-11-24,SEA,0.02,328
2021-11-25,SEA,0.22,329
2021-11-26,SEA,0.55,330
2021-11-27,SEA,0.04,331
2021-11-28,SEA,0.42,332
2021-11-29,SEA,0.14,333
2021-11-30,SEA,0.04,334
2021-12-01,SEA,0.03,335
2021-12-02,SEA,0.09,336
2021-12-03,SEA,0.22,337
2021-12-04,SEA,0.15,338
2021-12-05,SEA,0.34,339
2021-12-06,SEA,0.02,340
2021-12-07,SEA,0.14,341
2021-12-08,SEA,0.04,342
2021-12-09,SEA,0.07,343
2021-12-10,SEA,0.02,344
2021-12-11,SEA,0.83,345
2021-12-12,SEA,0.09,346
2021-12-13,SEA,0.37,347
2021-12-14,SEA,0.1,348
2021-12-15,SEA,0.12,349
2021-12-16,SEA,0.11,350
2021-12-17,SEA,0.04,351
2021-12-18,SEA,0.54,352
2021-12-19,SEA,0.33,353
2021-12-20,SEA,0.02,354
2021-12-21,SEA,0.02,355
2021-12-22,SEA,0.4,356
2021-12-23,SEA,0.56,357
2021-12-24,SEA,0.16,358
2021-12-25,SEA,0.22,359
2021-12-26,SEA,0.32,360
2021-12-27,SEA,0.11,361
2021-12-28,SEA,0.02,362
2021-12-29,SEA,0.0,363
2021-12-30,SEA,0.18,364
2021-12-31,SEA,0.01,365
2022-01-01,SEA,0.0,1
2022-01-02,SEA,0.0,2
2022-01-03,SEA,1.97,3
2022-01-04,SEA,0.28,4
2022-01-05,SEA,0.13,5
2022-01-06,SEA,0.82,6
2022-01-07,SEA,1.72,7
2022-01-08,SEA,0.62,8
2022-01-09,SEA,0.0,9
2022-01-10,SEA,0.12,10
2022-01-11,SEA,0.7,11
2022-01-12,SEA,0.52,12
2022-01-13,SEA,0.28,13
2022-01-14,SEA,0.02,14
2022-01-15,SEA,0.01,15
2022-01-16,SEA,0.01,16
2022-01-17,SEA,0.0,17
2022-01-18,SEA,0.02,18
2022-01-19,SEA,0.04,19
2022-01-20,SEA,0.1,20
2022-01-21,SEA,0.13,21
2022-01-22,SEA,0.0,22
2022-01-23,SEA,0.0,23
2022-01-24,SEA,0.0,24
2022-01-25,SEA,0.0,25
2022-01-26,SEA,0.0,26
2022-01-27,SEA,0.0,27
2022-01-28,SEA,0.0,28
2022-01-29,SEA,0.0,29
2022-01-30,SEA,0.01,30
2022-01-31,SEA,0.28,31
2022-02-01,SEA,0.01,32
2022-02-02,SEA,0.03,33
2022-02-03,SEA,0.09,34
2022-02-04,SEA,0.04,35
2022-02-05,SEA,0.02,36
2022-02-06,SEA,0.01,37
2022-02-07,SEA,0.0,38
2022-02-08,SEA,0.01,39
2022-02-09,SEA,0.02,40
2022-02-10,SEA,0.03,41
2022-02-11,SEA,0.02,42
2022-02-12,SEA,0.0,43
2022-02-13,SEA,0.0,44
2022-02-14,SEA,0.04,45
2022-02-15,SEA,0.14,46
2022-02-16,SEA,0.02,47
2022-02-17,SEA,0.0,48
2022-02-18,SEA,0.0,49
2022-02-19,SEA,0.03,50
2022-02-20,SEA,0.14,51
2022-02-21,SEA,0.19,52
2022-02-22,SEA,0.06,53
2022-02-23,SEA,0.0,54
2022-02-24,SEA,0.0,55
2022-02-25,SEA,0.0,56
2022-02-26,SEA,0.0,57
2022-02-27,SEA,0.61,58
2022-02-28,SEA,1.89,59
2022-03-01,SEA,1.03,60
2022-03-02,SEA,0.01,61
2022-03-03,SEA,0.32,62
2022-03-04,SEA,0.04,63
2022-03-05,SEA,0.04,64
2022-03-06,SEA,0.0,65
2022-03-07,SEA,0.0,66
2022-03-08,SEA,0.11,67
2022-03-09,SEA,0.05,68
2022-03-10,SEA,0.0,69
2022-03-11,SEA,0.0,70
2022-03-12,SEA,0.0,71
2022-03-13,SEA,0.1,72
2022-03-14,SEA,0.05,73
2022-03-15,SEA,0.52,74
2022-03-16,SEA,0.06,75
2022-03-17,SEA,0.0,76
2022-03-18,SEA,0.0,77
2022-03-19,SEA,0.0525,78
2022-03-20,SEA,0.0,79
2022-03-21,SEA,0.0,80
2022-03-22,SEA,0.14250000000000002,81
2022-03-23,SEA,0.09,82
2022-03-24,SEA,0.21,83
2022-03-25,SEA,0.0,84
2022-03-26,SEA,0.18333333333333335,85
2022-03-27,SEA,0.01,86
2022-03-28,SEA,0.0,87
2022-03-29,SEA,0.0,88
2022-03-30,SEA,0.0,89
2022-03-31,SEA,0.25,90
2022-04-01,SEA,0.0,91
2022-04-02,SEA,0.1,92
2022-04-03,SEA,0.02,93
2022-04-04,SEA,0.88,94
2022-04-05,SEA,0.08,95
2022-04-06,SEA,0.01,96
2022-04-07,SEA,0.0,97
2022-04-08,SEA,0.05,98
2022-04-09,SEA,0.01,99
2022-04-10,SEA,0.48,100
2022-04-11,SEA,0.07,101
2022-04-12,SEA,0.0,102
2022-04-13,SEA,0.0,103
2022-04-14,SEA,0.0,104
2022-04-15,SEA,0.02,105
2022-04-16,SEA,0.0,106
2022-04-17,SEA,0.14,107
2022-04-18,SEA,0.08,108
2022-04-19,SEA,0.31,109
2022-04-20,SEA,0.01,110
2022-04-21,SEA,0.18,111
2022-04-22,SEA,0.38,112
2022-04-23,SEA,0.02,113
2022-04-24,SEA,0.0,114
2022-04-25,SEA,0.16,115
2022-04-26,SEA,0.01,116
2022-04-27,SEA,0.03,117
2022-04-28,SEA,0.02,118
2022-04-29,SEA,0.0,119
2022-04-30,SEA,0.36,120
2022-05-01,SEA,0.05,121
2022-05-02,SEA,0.3,122
2022-05-03,SEA,0.12,123
2022-05-04,SEA,0.01,124
2022-05-05,SEA,0.04,125
2022-05-06,SEA,0.34,126
2022-05-07,SEA,0.55,127
2022-05-08,SEA,0.04,128
2022-05-09,SEA,0.01,129
2022-05-10,SEA,0.03,130
2022-05-11,SEA,0.01,131
2022-05-12,SEA,0.05,132
2022-05-13,SEA,0.48,133
2022-05-14,SEA,0.11,134
2022-05-15,SEA,0.1,135
2022-05-16,SEA,0.66,136
2022-05-17,SEA,0.02,137
2022-05-18,SEA,0.17,138
2022-05-19,SEA,0.1,139
2022-05-20,SEA,0.0,140
2022-05-21,SEA,0.0,141
2022-05-22,SEA,0.0,142
2022-05-23,SEA,0.0,143
2022-05-24,SEA,0.0,144
2022-05-25,SEA,0.03,145
2022-05-26,SEA,0.0,146
2022-05-27,SEA,0.12,147
2022-05-28,SEA,0.03,148
2022-05-29,SEA,0.34,149
2022-05-30,SEA,0.39,150
2022-05-31,SEA,0.08,151
2022-06-01,SEA,0.0,152
2022-06-02,SEA,0.04,153
2022-06-03,SEA,0.21,154
2022-06-04,SEA,0.11,155
2022-06-05,SEA,0.61,156
2022-06-06,SEA,0.28,157
2022-06-07,SEA,0.0,158
2022-06-08,SEA,0.01,159
2022-06-09,SEA,0.08,160
2022-06-10,SEA,1.07,161
2022-06-11,SEA,0.13,162
2022-06-12,SEA,0.07,163
2022-06-13,SEA,0.25,164
2022-06-14,SEA,0.1,165
2022-06-15,SEA,0.0,166
2022-06-16,SEA,0.03,167
2022-06-17,SEA,0.01,168
2022-06-18,SEA,0.14,169
2022-06-19,SEA,0.04,170
2022-06-20,SEA,0.0,171
2022-06-21,SEA,0.0,172
2022-06-22,SEA,0.03,173
2022-06-23,SEA,0.03,174
2022-06-24,SEA,0.0,175
2022-06-25,SEA,0.0,176
2022-06-26,SEA,0.0,177
2022-06-27,SEA,0.0,178
2022-06-28,SEA,0.0,179
2022-06-29,SEA,0.0,180
2022-06-30,SEA,0.0,181
2022-07-01,SEA,0.0,182
2022-07-02,SEA,0.0,183
2022-07-03,SEA,0.02,184
2022-07-04,SEA,0.12,185
2022-07-05,SEA,0.05,186
2022-07-06,SEA,0.06,187
2022-07-07,SEA,0.04,188
2022-07-08,SEA,0.0,189
2022-07-09,SEA,0.0,190
2022-07-10,SEA,0.0,191
2022-07-11,SEA,0.0,192
2022-07-12,SEA,0.0,193
2022-07-13,SEA,0.0,194
2022-07-14,SEA,0.0,195
2022-07-15,SEA,0.0,196
2022-07-16,SEA,0.0,197
2022-07-17,SEA,0.0,198
2022-07-18,SEA,0.02,199
2022-07-19,SEA,0.0,200
2022-07-20,SEA,0.0,201
2022-07-21,SEA,0.0,202
2022-07-22,SEA,0.0,203
2022-07-23,SEA,0.0,204
2022-07-24,SEA,0.0,205
2022-07-25,SEA,0.0,206
2022-07-26,SEA,0.0,207
2022-07-27,SEA,0.0,208
2022-07-28,SEA,0.0,209
2022-07-29,SEA,0.0,210
2022-07-30,SEA,0.0,211
2022-07-31,SEA,0.0,212
2022-08-01,SEA,0.0,213
2022-08-02,SEA,0.0,214
2022-08-03,SEA,0.0,215
2022-08-04,SEA,0.0,216
2022-08-05,SEA,0.07,217
2022-08-06,SEA,0.0,218
2022-08-07,SEA,0.0,219
2022-08-08,SEA,0.0,220
2022-08-09,SEA,0.0,221
2022-08-10,SEA,0.01,222
2022-08-11,SEA,0.05,223
2022-08-12,SEA,0.0,224
2022-08-13,SEA,0.0,225
2022-08-14,SEA,0.0,226
2022-08-15,SEA,0.0,227
2022-08-16,SEA,0.0,228
2022-08-17,SEA,0.0,229
2022-08-18,SEA,0.0,230
2022-08-19,SEA,0.01,231
2022-08-20,SEA,0.05,232
2022-08-21,SEA,0.0,233
2022-08-22,SEA,0.0,234
2022-08-23,SEA,0.0,235
2022-08-24,SEA,0.0,236
2022-08-25,SEA,0.0,237
2022-08-26,SEA,0.0,238
2022-08-27,SEA,0.05,239
2022-08-28,SEA,0.0,240
2022-08-29,SEA,0.0,241
2022-08-30,SEA,0.0,242
2022-08-31,SEA,0.0,243
2022-09-01,SEA,0.0,244
2022-09-02,SEA,0.0,245
2022-09-03,SEA,0.02,246
2022-09-04,SEA,0.03,247
2022-09-05,SEA,0.02,248
2022-09-06,SEA,0.0,249
2022-09-07,SEA,0.0,250
2022-09-08,SEA,0.0,251
2022-09-09,SEA,0.0,252
2022-09-10,SEA,0.0,253
2022-09-11,SEA,0.0,254
2022-09-12,SEA,0.0,255
2022-09-13,SEA,0.0,256
2022-09-14,SEA,0.0,257
2022-09-15,SEA,0.0,258
2022-09-16,SEA,0.0,259
2022-09-17,SEA,0.0,260
2022-09-18,SEA,0.0,261
2022-09-19,SEA,0.0,262
2022-09-20,SEA,0.0,263
2022-09-21,SEA,0.0,264
2022-09-22,SEA,0.0,265
2022-09-23,SEA,0.0,266
2022-09-24,SEA,0.0,267
2022-09-25,SEA,0.0,268
2022-09-26,SEA,0.0,269
2022-09-27,SEA,0.0,270
2022-09-28,SEA,0.0,271
2022-09-29,SEA,0.03,272
2022-09-30,SEA,0.0,273
2022-10-01,SEA,0.0,274
2022-10-02,SEA,0.0,275
2022-10-03,SEA,0.0,276
2022-10-04,SEA,0.0,277
2022-10-05,SEA,0.01,278
2022-10-06,SEA,0.0,279
2022-10-07,SEA,0.0,280
2022-10-08,SEA,0.0,281
2022-10-09,SEA,0.0,282
2022-10-10,SEA,0.0,283
2022-10-11,SEA,0.0,284
2022-10-12,SEA,0.0,285
2022-10-13,SEA,0.0,286
2022-10-14,SEA,0.0,287
2022-10-15,SEA,0.0,288
2022-10-16,SEA,0.0,289
2022-10-17,SEA,0.0,290
2022-10-18,SEA,0.0,291
2022-10-19,SEA,0.0,292
2022-10-20,SEA,0.0,293
2022-10-21,SEA,0.0,294
2022-10-22,SEA,0.42,295
2022-10-23,SEA,0.27,296
2022-10-24,SEA,0.1,297
2022-10-25,SEA,0.11,298
2022-10-26,SEA,0.41,299
2022-10-27,SEA,0.01,300
2022-10-28,SEA,0.58,301
2022-10-29,SEA,0.02,302
2022-10-30,SEA,0.02,303
2022-10-31,SEA,0.9,304
2022-11-01,SEA,0.02,305
2022-11-02,SEA,0.28,306
2022-11-03,SEA,0.23,307
2022-11-04,SEA,0.37,308
2022-11-05,SEA,0.02,309
2022-11-06,SEA,0.9,310
2022-11-07,SEA,0.21,311
2022-11-08,SEA,0.25,312
2022-11-09,SEA,0.01,313
2022-11-10,SEA,0.0,314
2022-11-11,SEA,0.0,315
2022-11-12,SEA,0.0,316
2022-11-13,SEA,0.0,317
2022-11-14,SEA,0.0,318
2022-11-15,SEA,0.0,319
2022-11-16,SEA,0.0,320
2022-11-17,SEA,0.0,321
2022-11-18,SEA,0.0,322
2022-11-19,SEA,0.0,323
2022-11-20,SEA,0.0,324
2022-11-21,SEA,0.01,325
2022-11-22,SEA,0.17,326
2022-11-23,SEA,0.98,327
2022-11-24,SEA,0.0,328
2022-11-25,SEA,0.22,329
2022-11-26,SEA,0.7,330
2022-11-27,SEA,0.26,331
2022-11-28,SEA,0.07,332
2022-11-29,SEA,0.02,333
2022-11-30,SEA,1.26,334
2022-12-01,SEA,0.07,335
2022-12-02,SEA,0.0,336
2022-12-03,SEA,0.72,337
2022-12-04,SEA,0.0,338
2022-12-05,SEA,0.2,339
2022-12-06,SEA,0.01,340
2022-12-07,SEA,0.04,341
2022-12-08,SEA,0.29,342
2022-12-09,SEA,0.1,343
2022-12-10,SEA,0.9,344
2022-12-11,SEA,0.29,345
2022-12-12,SEA,0.07,346
2022-12-13,SEA,0.05,347
2022-12-14,SEA,0.01,348
2022-12-15,SEA,0.0,349
2022-12-16,SEA,0.0,350
2022-12-17,SEA,0.01,351
2022-12-18,SEA,0.06,352
2022-12-19,SEA,0.08,353
2022-12-20,SEA,0.25,354
2022-12-21,SEA,0.31,355
2022-12-22,SEA,0.03,356
2022-12-23,SEA,0.27,357
2022-12-24,SEA,0.52,358
2022-12-25,SEA,0.86,359
2022-12-26,SEA,1.37,360
2022-12-27,SEA,0.78,361
2022-12-28,SEA,0.4,362
2022-12-29,SEA,0.03,363
2022-12-30,SEA,0.62,364
2022-12-31,SEA,0.17,365
